Date,Metric,Decade,Number of Records,Value
01-06-1901 00:00:00,1 Year,1900,1,0.049996965
01-06-1901 00:00:00,10 Years,1900,1,0.057098531
01-06-1901 00:00:00,3 Years,1900,1,0.033338043
01-06-1901 00:00:00,Inflation rate,1900,1,-0.024691215
01-06-1901 00:00:00,P/E,1900,1,17.346938776
01-06-1901 00:00:00,Real Forward 10 Years Annualized Cap Gains Return,1900,1,0.021330799
01-06-1901 00:00:00,Real Forward 10 years Appreciation Return,1900,1,0.359606667
01-06-1901 00:00:00,Real Forward 10 Years Dividend Annualized Return,1900,1,0.027477061
01-06-1901 00:00:00,Real interest rate,1900,1,0.057442883
01-06-1901 00:00:00,Real S&P Comp return with dividend,1900,1,0.34741751
01-06-1901 00:00:00,Real S&P Comp yield,1900,1,0.062710195
01-06-1901 00:00:00,S&P Composite,1900,1,8.5
01-06-1902 00:00:00,1 Year,1900,1,-0.116321033
01-06-1902 00:00:00,10 Years,1900,1,0.028201775
01-06-1902 00:00:00,3 Years,1900,1,-0.033986234
01-06-1902 00:00:00,Inflation rate,1900,1,0.088606531
01-06-1902 00:00:00,P/E,1900,1,14.884955752
01-06-1902 00:00:00,Real Forward 10 Years Annualized Cap Gains Return,1900,1,-0.008717822
01-06-1902 00:00:00,Real Forward 10 years Appreciation Return,1900,1,0.368910125
01-06-1902 00:00:00,Real Forward 10 Years Dividend Annualized Return,1900,1,0.022551916
01-06-1902 00:00:00,Real interest rate,1900,1,-0.051723492
01-06-1902 00:00:00,Real S&P Comp return with dividend,1900,1,0.049996965
01-06-1902 00:00:00,Real S&P Comp yield,1900,1,-0.045895426
01-06-1902 00:00:00,S&P Composite,1900,1,8.41
01-06-1903 00:00:00,1 Year,1900,1,0.041098678
01-06-1903 00:00:00,10 Years,1900,1,0.027019612
01-06-1903 00:00:00,3 Years,1900,1,0.022109899
01-06-1903 00:00:00,Inflation rate,1900,1,0
01-06-1903 00:00:00,P/E,1900,1,12.379310345
01-06-1903 00:00:00,Real Forward 10 Years Annualized Cap Gains Return,1900,1,-0.007205339
01-06-1903 00:00:00,Real Forward 10 years Appreciation Return,1900,1,0.419602148
01-06-1903 00:00:00,Real Forward 10 Years Dividend Annualized Return,1900,1,0.019265378
01-06-1903 00:00:00,Real interest rate,1900,1,0.033416667
01-06-1903 00:00:00,Real S&P Comp return with dividend,1900,1,-0.116321033
01-06-1903 00:00:00,Real S&P Comp yield,1900,1,0.04735376
01-06-1903 00:00:00,S&P Composite,1900,1,7.18
01-06-1904 00:00:00,1 Year,1900,1,0.313769479
01-06-1904 00:00:00,10 Years,1900,1,0.049339472
01-06-1904 00:00:00,3 Years,1900,1,0.156966826
01-06-1904 00:00:00,Inflation rate,1900,1,-0.011626365
01-06-1904 00:00:00,P/E,1900,1,12.764705882
01-06-1904 00:00:00,Real Forward 10 Years Annualized Cap Gains Return,1900,1,0.008777379
01-06-1904 00:00:00,Real Forward 10 years Appreciation Return,1900,1,0.549096461
01-06-1904 00:00:00,Real Forward 10 Years Dividend Annualized Return,1900,1,0.030855571
01-06-1904 00:00:00,Real interest rate,1900,1,0.046500328
01-06-1904 00:00:00,Real S&P Comp return with dividend,1900,1,0.041098678
01-06-1904 00:00:00,Real S&P Comp yield,1900,1,0.063050659
01-06-1904 00:00:00,S&P Composite,1900,1,6.51
01-06-1905 00:00:00,1 Year,1900,1,0.082612538
01-06-1905 00:00:00,10 Years,1900,1,0.028296124
01-06-1905 00:00:00,3 Years,1900,1,-0.014611802
01-06-1905 00:00:00,Inflation rate,1900,1,0.02353026
01-06-1905 00:00:00,P/E,1900,1,14.827586207
01-06-1905 00:00:00,Real Forward 10 Years Annualized Cap Gains Return,1900,1,-0.015952966
01-06-1905 00:00:00,Real Forward 10 years Appreciation Return,1900,1,0.178255163
01-06-1905 00:00:00,Real Forward 10 Years Dividend Annualized Return,1900,1,0.025148296
01-06-1905 00:00:00,Real interest rate,1900,1,0.010807112
01-06-1905 00:00:00,Real S&P Comp return with dividend,1900,1,0.313769479
01-06-1905 00:00:00,Real S&P Comp yield,1900,1,0.01336457
01-06-1905 00:00:00,S&P Composite,1900,1,8.6
01-06-1906 00:00:00,1 Year,1900,1,-0.190834329
01-06-1906 00:00:00,10 Years,1900,1,0.014531632
01-06-1906 00:00:00,3 Years,1900,1,-0.042637783
01-06-1906 00:00:00,Inflation rate,1900,1,0.034480059
01-06-1906 00:00:00,P/E,1900,1,13.006993007
01-06-1906 00:00:00,Real Forward 10 Years Annualized Cap Gains Return,1900,1,-0.02592961
01-06-1906 00:00:00,Real Forward 10 years Appreciation Return,1900,1,0.176220247
01-06-1906 00:00:00,Real Forward 10 Years Dividend Annualized Return,1900,1,0.018891334
01-06-1906 00:00:00,Real interest rate,1900,1,0.000792611
01-06-1906 00:00:00,Real S&P Comp return with dividend,1900,1,0.082612538
01-06-1906 00:00:00,Real S&P Comp yield,1900,1,0.004608356
01-06-1906 00:00:00,S&P Composite,1900,1,9.3
01-06-1907 00:00:00,1 Year,1900,1,0.11247272
01-06-1907 00:00:00,10 Years,1900,1,0.008518945
01-06-1907 00:00:00,3 Years,1900,1,-0.019625301
01-06-1907 00:00:00,Inflation rate,1900,1,0.077775045
01-06-1907 00:00:00,P/E,1900,1,11.042253521
01-06-1907 00:00:00,Real Forward 10 Years Annualized Cap Gains Return,1900,1,-0.029069337
01-06-1907 00:00:00,Real Forward 10 years Appreciation Return,1900,1,0.2357132
01-06-1907 00:00:00,Real Forward 10 Years Dividend Annualized Return,1900,1,0.010985741
01-06-1907 00:00:00,Real interest rate,1900,1,-0.037337766
01-06-1907 00:00:00,Real S&P Comp return with dividend,1900,1,-0.190834329
01-06-1907 00:00:00,Real S&P Comp yield,1900,1,-0.022457021
01-06-1907 00:00:00,S&P Composite,1900,1,7.84
01-06-1908 00:00:00,1 Year,1900,1,0.213171957
01-06-1908 00:00:00,10 Years,1900,1,0.017593247
01-06-1908 00:00:00,3 Years,1900,1,0.060343157
01-06-1908 00:00:00,Inflation rate,1900,1,-0.061851147
01-06-1908 00:00:00,P/E,1900,1,12.322580645
01-06-1908 00:00:00,Real Forward 10 Years Annualized Cap Gains Return,1900,1,-0.027542352
01-06-1908 00:00:00,Real Forward 10 years Appreciation Return,1900,1,-0.053019552
01-06-1908 00:00:00,Real Forward 10 Years Dividend Annualized Return,1900,1,0.012129025
01-06-1908 00:00:00,Real interest rate,1900,1,0.106691825
01-06-1908 00:00:00,Real S&P Comp return with dividend,1900,1,0.11247272
01-06-1908 00:00:00,Real S&P Comp yield,1900,1,0.124527113
01-06-1908 00:00:00,S&P Composite,1900,1,7.64
01-06-1909 00:00:00,1 Year,1900,1,-0.023842546
01-06-1909 00:00:00,10 Years,1900,1,-0.016390529
01-06-1909 00:00:00,3 Years,1900,1,0.01894384
01-06-1909 00:00:00,Inflation rate,1900,1,0.087911471
01-06-1909 00:00:00,P/E,1900,1,14.626865672
01-06-1909 00:00:00,Real Forward 10 Years Annualized Cap Gains Return,1900,1,-0.064286783
01-06-1909 00:00:00,Real Forward 10 years Appreciation Return,1900,1,-0.19189543
01-06-1909 00:00:00,Real Forward 10 Years Dividend Annualized Return,1900,1,-0.011512103
01-06-1909 00:00:00,Real interest rate,1900,1,-0.045671429
01-06-1909 00:00:00,Real S&P Comp return with dividend,1900,1,0.213171957
01-06-1909 00:00:00,Real S&P Comp yield,1900,1,-0.041413598
01-06-1909 00:00:00,S&P Composite,1900,1,9.8
01-06-1910 00:00:00,1 Year,1910,1,0.12872174
01-06-1910 00:00:00,10 Years,1910,1,-0.029169224
01-06-1910 00:00:00,3 Years,1910,1,-0.002219949
01-06-1910 00:00:00,Inflation rate,1910,1,0.050506874
01-06-1910 00:00:00,P/E,1910,1,12.214765101
01-06-1910 00:00:00,Real Forward 10 Years Annualized Cap Gains Return,1910,1,-0.071281909
01-06-1910 00:00:00,Real Forward 10 years Appreciation Return,1910,1,-0.323017413
01-06-1910 00:00:00,Real Forward 10 Years Dividend Annualized Return,1910,1,-0.021302123
01-06-1910 00:00:00,Real interest rate,1910,1,-0.010580804
01-06-1910 00:00:00,Real S&P Comp return with dividend,1910,1,-0.023842546
01-06-1910 00:00:00,Real S&P Comp yield,1910,1,-0.000482505
01-06-1910 00:00:00,S&P Composite,1910,1,9.1
01-06-1911 00:00:00,1 Year,1910,1,0.018274791
01-06-1911 00:00:00,10 Years,1910,1,-0.034117773
01-06-1911 00:00:00,3 Years,1910,1,-0.006475688
01-06-1911 00:00:00,Inflation rate,1910,1,-0.115383671
01-06-1911 00:00:00,P/E,1910,1,14.651515152
01-06-1911 00:00:00,Real Forward 10 Years Annualized Cap Gains Return,1910,1,-0.081232726
01-06-1911 00:00:00,Real Forward 10 years Appreciation Return,1910,1,-0.39922632
01-06-1911 00:00:00,Real Forward 10 Years Dividend Annualized Return,1910,1,-0.02664257
01-06-1911 00:00:00,Real interest rate,1910,1,0.175566136
01-06-1911 00:00:00,Real S&P Comp return with dividend,1910,1,0.12872174
01-06-1911 00:00:00,Real S&P Comp yield,1910,1,0.18537709
01-06-1911 00:00:00,S&P Composite,1910,1,9.67
01-06-1912 00:00:00,1 Year,1910,1,-0.083851204
01-06-1912 00:00:00,10 Years,1910,1,-0.033090121
01-06-1912 00:00:00,3 Years,1910,1,-0.052477067
01-06-1912 00:00:00,Inflation rate,1910,1,0.097818242
01-06-1912 00:00:00,P/E,1910,1,14.852713178
01-06-1912 00:00:00,Real Forward 10 Years Annualized Cap Gains Return,1910,1,-0.087085057
01-06-1912 00:00:00,Real Forward 10 years Appreciation Return,1910,1,-0.184173904
01-06-1912 00:00:00,Real Forward 10 Years Dividend Annualized Return,1910,1,-0.017334406
01-06-1912 00:00:00,Real interest rate,1910,1,-0.050905429
01-06-1912 00:00:00,Real S&P Comp return with dividend,1910,1,0.018274791
01-06-1912 00:00:00,Real S&P Comp yield,1910,1,-0.043937855
01-06-1912 00:00:00,S&P Composite,1910,1,9.58
01-06-1913 00:00:00,1 Year,1910,1,-0.023615468
01-06-1913 00:00:00,10 Years,1910,1,-0.016119279
01-06-1913 00:00:00,3 Years,1910,1,-0.035564273
01-06-1913 00:00:00,Inflation rate,1910,1,0.019806153
01-06-1913 00:00:00,P/E,1910,1,12.210526316
01-06-1913 00:00:00,Real Forward 10 Years Annualized Cap Gains Return,1910,1,-0.059330794
01-06-1913 00:00:00,Real Forward 10 years Appreciation Return,1910,1,-0.041500008
01-06-1913 00:00:00,Real Forward 10 Years Dividend Annualized Return,1910,1,-0.010710723
01-06-1913 00:00:00,Real interest rate,1910,1,0.02302939
01-06-1913 00:00:00,Real S&P Comp return with dividend,1910,1,-0.083851204
01-06-1913 00:00:00,Real S&P Comp yield,1910,1,0.038543745
01-06-1913 00:00:00,S&P Composite,1910,1,8.12
01-06-1914 00:00:00,1 Year,1910,1,0.095028776
01-06-1914 00:00:00,10 Years,1910,1,-0.009604013
01-06-1914 00:00:00,3 Years,1910,1,0.022865967
01-06-1914 00:00:00,Inflation rate,1910,1,0.010204082
01-06-1914 00:00:00,P/E,1910,1,14.139130435
01-06-1914 00:00:00,Real Forward 10 Years Annualized Cap Gains Return,1910,1,-0.057094839
01-06-1914 00:00:00,Real Forward 10 years Appreciation Return,1910,1,-0.008082562
01-06-1914 00:00:00,Real Forward 10 Years Dividend Annualized Return,1910,1,-0.006814583
01-06-1914 00:00:00,Real interest rate,1910,1,0.031408754
01-06-1914 00:00:00,Real S&P Comp return with dividend,1910,1,-0.023615468
01-06-1914 00:00:00,Real S&P Comp yield,1910,1,0.044690447
01-06-1914 00:00:00,S&P Composite,1910,1,8.13
01-06-1915 00:00:00,1 Year,1910,1,0.116799158
01-06-1915 00:00:00,10 Years,1910,1,0.011899922
01-06-1915 00:00:00,3 Years,1910,1,-0.048893922
01-06-1915 00:00:00,Inflation rate,1910,1,0.02020202
01-06-1915 00:00:00,P/E,1910,1,11.485714286
01-06-1915 00:00:00,Real Forward 10 Years Annualized Cap Gains Return,1910,1,-0.032527883
01-06-1915 00:00:00,Real Forward 10 years Appreciation Return,1910,1,0.158746997
01-06-1915 00:00:00,Real Forward 10 Years Dividend Annualized Return,1910,1,0.000363317
01-06-1915 00:00:00,Real interest rate,1910,1,0.020982426
01-06-1915 00:00:00,Real S&P Comp return with dividend,1910,1,0.095028776
01-06-1915 00:00:00,Real S&P Comp yield,1910,1,0.03201197
01-06-1915 00:00:00,S&P Composite,1910,1,8.04
01-06-1916 00:00:00,1 Year,1910,1,-0.183148089
01-06-1916 00:00:00,10 Years,1910,1,0.010762376
01-06-1916 00:00:00,3 Years,1910,1,-0.155460727
01-06-1916 00:00:00,Inflation rate,1910,1,0.069306931
01-06-1916 00:00:00,P/E,1910,1,7.767634855
01-06-1916 00:00:00,Real Forward 10 Years Annualized Cap Gains Return,1910,1,-0.027273934
01-06-1916 00:00:00,Real Forward 10 years Appreciation Return,1910,1,0.148410141
01-06-1916 00:00:00,Real Forward 10 Years Dividend Annualized Return,1910,1,-0.007744673
01-06-1916 00:00:00,Real interest rate,1910,1,-0.026238426
01-06-1916 00:00:00,Real S&P Comp return with dividend,1910,1,0.116799158
01-06-1916 00:00:00,Real S&P Comp yield,1910,1,-0.015357906
01-06-1916 00:00:00,S&P Composite,1910,1,9.36
01-06-1917 00:00:00,1 Year,1910,1,-0.167322205
01-06-1917 00:00:00,10 Years,1910,1,0.02142447
01-06-1917 00:00:00,3 Years,1910,1,-0.147701329
01-06-1917 00:00:00,Inflation rate,1910,1,0.203703704
01-06-1917 00:00:00,P/E,1910,1,6.434163701
01-06-1917 00:00:00,Real Forward 10 Years Annualized Cap Gains Return,1910,1,-0.01351297
01-06-1917 00:00:00,Real Forward 10 years Appreciation Return,1910,1,0.677716234
01-06-1917 00:00:00,Real Forward 10 Years Dividend Annualized Return,1910,1,-0.000238943
01-06-1917 00:00:00,Real interest rate,1910,1,-0.132912308
01-06-1917 00:00:00,Real S&P Comp return with dividend,1910,1,-0.183148089
01-06-1917 00:00:00,Real S&P Comp yield,1910,1,-0.111793737
01-06-1917 00:00:00,S&P Composite,1910,1,9.04
01-06-1918 00:00:00,1 Year,1910,1,0.077283518
01-06-1918 00:00:00,10 Years,1910,1,0.0790826
01-06-1918 00:00:00,3 Years,1910,1,-0.115471009
01-06-1918 00:00:00,Inflation rate,1910,1,0.130769231
01-06-1918 00:00:00,P/E,1910,1,6.563876652
01-06-1918 00:00:00,Real Forward 10 Years Annualized Cap Gains Return,1910,1,0.04837412
01-06-1918 00:00:00,Real Forward 10 years Appreciation Return,1910,1,1.858999682
01-06-1918 00:00:00,Real Forward 10 Years Dividend Annualized Return,1910,1,0.027024625
01-06-1918 00:00:00,Real interest rate,1910,1,-0.075489229
01-06-1918 00:00:00,Real S&P Comp return with dividend,1910,1,-0.167322205
01-06-1918 00:00:00,Real S&P Comp yield,1910,1,-0.040861982
01-06-1918 00:00:00,S&P Composite,1910,1,7.45
01-06-1919 00:00:00,1 Year,1910,1,-0.158914426
01-06-1919 00:00:00,10 Years,1910,1,0.124989038
01-06-1919 00:00:00,3 Years,1910,1,-0.052968021
01-06-1919 00:00:00,Inflation rate,1910,1,0.149659864
01-06-1919 00:00:00,P/E,1910,1,9.59375
01-06-1919 00:00:00,Real Forward 10 Years Annualized Cap Gains Return,1910,1,0.098045423
01-06-1919 00:00:00,Real Forward 10 years Appreciation Return,1910,1,2.453224482
01-06-1919 00:00:00,Real Forward 10 Years Dividend Annualized Return,1910,1,0.048547265
01-06-1919 00:00:00,Real interest rate,1910,1,-0.089332101
01-06-1919 00:00:00,Real S&P Comp return with dividend,1910,1,0.077283518
01-06-1919 00:00:00,Real S&P Comp yield,1910,1,-0.078233718
01-06-1919 00:00:00,S&P Composite,1910,1,9.21
01-06-1920 00:00:00,1 Year,1920,1,0.042477518
01-06-1920 00:00:00,10 Years,1920,1,0.156330047
01-06-1920 00:00:00,3 Years,1920,1,0.043947365
01-06-1920 00:00:00,Inflation rate,1920,1,0.236686391
01-06-1920 00:00:00,P/E,1920,1,9.156069364
01-06-1920 00:00:00,Real Forward 10 Years Annualized Cap Gains Return,1920,1,0.135845717
01-06-1920 00:00:00,Real Forward 10 years Appreciation Return,1920,1,3.393792839
01-06-1920 00:00:00,Real Forward 10 Years Dividend Annualized Return,1920,1,0.056245646
01-06-1920 00:00:00,Real interest rate,1920,1,-0.150795215
01-06-1920 00:00:00,Real S&P Comp return with dividend,1920,1,-0.158914426
01-06-1920 00:00:00,Real S&P Comp yield,1920,1,-0.138296844
01-06-1920 00:00:00,S&P Composite,1920,1,7.92
01-06-1921 00:00:00,1 Year,1920,1,0.382701677
01-06-1921 00:00:00,10 Years,1920,1,0.153941929
01-06-1921 00:00:00,3 Years,1920,1,0.08504739
01-06-1921 00:00:00,Inflation rate,1920,1,-0.157894737
01-06-1921 00:00:00,P/E,1920,1,12.018348624
01-06-1921 00:00:00,Real Forward 10 Years Annualized Cap Gains Return,1920,1,0.122688494
01-06-1921 00:00:00,Real Forward 10 years Appreciation Return,1920,1,2.695366077
01-06-1921 00:00:00,Real Forward 10 Years Dividend Annualized Return,1920,1,0.082527983
01-06-1921 00:00:00,Real interest rate,1920,1,0.244034896
01-06-1921 00:00:00,Real S&P Comp return with dividend,1920,1,0.042477518
01-06-1921 00:00:00,Real S&P Comp yield,1920,1,0.275429389
01-06-1921 00:00:00,S&P Composite,1920,1,6.55
01-06-1922 00:00:00,1 Year,1920,1,0.071325968
01-06-1922 00:00:00,10 Years,1920,1,0.127574555
01-06-1922 00:00:00,3 Years,1920,1,0.147459518
01-06-1922 00:00:00,Inflation rate,1920,1,-0.051136364
01-06-1922 00:00:00,P/E,1920,1,17.244897959
01-06-1922 00:00:00,Real Forward 10 Years Annualized Cap Gains Return,1920,1,0.076398311
01-06-1922 00:00:00,Real Forward 10 years Appreciation Return,1920,1,0.741113581
01-06-1922 00:00:00,Real Forward 10 Years Dividend Annualized Return,1920,1,0.091542279
01-06-1922 00:00:00,Real interest rate,1920,1,0.099473054
01-06-1922 00:00:00,Real S&P Comp return with dividend,1920,1,0.382701677
01-06-1922 00:00:00,Real S&P Comp yield,1920,1,0.114381887
01-06-1922 00:00:00,S&P Composite,1920,1,8.45
01-06-1923 00:00:00,1 Year,1920,1,0.117793091
01-06-1923 00:00:00,10 Years,1920,1,0.07800821
01-06-1923 00:00:00,3 Years,1920,1,0.07638956
01-06-1923 00:00:00,Inflation rate,1920,1,0.017964072
01-06-1923 00:00:00,P/E,1920,1,9.988023952
01-06-1923 00:00:00,Real Forward 10 Years Annualized Cap Gains Return,1920,1,0.012244706
01-06-1923 00:00:00,Real Forward 10 years Appreciation Return,1920,1,1.828195958
01-06-1923 00:00:00,Real Forward 10 Years Dividend Annualized Return,1920,1,0.083446799
01-06-1923 00:00:00,Real interest rate,1920,1,0.023955588
01-06-1923 00:00:00,Real S&P Comp return with dividend,1920,1,0.071325968
01-06-1923 00:00:00,Real S&P Comp yield,1920,1,0.043602765
01-06-1923 00:00:00,S&P Composite,1920,1,8.34
01-06-1924 00:00:00,1 Year,1920,1,0.263229321
01-06-1924 00:00:00,10 Years,1920,1,0.110225516
01-06-1924 00:00:00,3 Years,1920,1,0.187755163
01-06-1924 00:00:00,Inflation rate,1920,1,0
01-06-1924 00:00:00,P/E,1920,1,9.036649215
01-06-1924 00:00:00,Real Forward 10 Years Annualized Cap Gains Return,1920,1,0.05397002
01-06-1924 00:00:00,Real Forward 10 years Appreciation Return,1920,1,1.512352886
01-06-1924 00:00:00,Real Forward 10 Years Dividend Annualized Return,1920,1,0.094044363
01-06-1924 00:00:00,Real interest rate,1920,1,0.039766667
01-06-1924 00:00:00,Real S&P Comp return with dividend,1920,1,0.117793091
01-06-1924 00:00:00,Real S&P Comp yield,1920,1,0.062572422
01-06-1924 00:00:00,S&P Composite,1920,1,8.63
01-06-1925 00:00:00,1 Year,1920,1,0.174203768
01-06-1925 00:00:00,10 Years,1920,1,0.080840475
01-06-1925 00:00:00,3 Years,1920,1,0.233717179
01-06-1925 00:00:00,Inflation rate,1920,1,0.029411765
01-06-1925 00:00:00,P/E,1920,1,9.908256881
01-06-1925 00:00:00,Real Forward 10 Years Annualized Cap Gains Return,1920,1,0.018996855
01-06-1925 00:00:00,Real Forward 10 years Appreciation Return,1920,1,1.030321044
01-06-1925 00:00:00,Real Forward 10 Years Dividend Annualized Return,1920,1,0.083313266
01-06-1925 00:00:00,Real interest rate,1920,1,0.008197143
01-06-1925 00:00:00,Real S&P Comp return with dividend,1920,1,0.263229321
01-06-1925 00:00:00,Real S&P Comp yield,1920,1,0.023148148
01-06-1925 00:00:00,S&P Composite,1920,1,10.8
01-06-1926 00:00:00,1 Year,1920,1,0.298219253
01-06-1926 00:00:00,10 Years,1920,1,0.07651322
01-06-1926 00:00:00,3 Years,1920,1,0.248203548
01-06-1926 00:00:00,Inflation rate,1920,1,0.011428571
01-06-1926 00:00:00,P/E,1920,1,9.726907631
01-06-1926 00:00:00,Real Forward 10 Years Annualized Cap Gains Return,1920,1,0.0268357
01-06-1926 00:00:00,Real Forward 10 years Appreciation Return,1920,1,1.28940107
01-06-1926 00:00:00,Real Forward 10 Years Dividend Annualized Return,1920,1,0.075933718
01-06-1926 00:00:00,Real interest rate,1920,1,0.023684087
01-06-1926 00:00:00,Real S&P Comp return with dividend,1920,1,0.174203768
01-06-1926 00:00:00,Real S&P Comp yield,1920,1,0.041360504
01-06-1926 00:00:00,S&P Composite,1920,1,12.11
01-06-1927 00:00:00,1 Year,1920,1,0.367312222
01-06-1927 00:00:00,10 Years,1920,1,0.079787741
01-06-1927 00:00:00,3 Years,1920,1,0.345767876
01-06-1927 00:00:00,Inflation rate,1920,1,-0.005649718
01-06-1927 00:00:00,P/E,1920,1,12.672340426
01-06-1927 00:00:00,Real Forward 10 Years Annualized Cap Gains Return,1920,1,0.041808946
01-06-1927 00:00:00,Real Forward 10 years Appreciation Return,1920,1,0.853959338
01-06-1927 00:00:00,Real Forward 10 Years Dividend Annualized Return,1920,1,0.066205398
01-06-1927 00:00:00,Real interest rate,1920,1,0.039229687
01-06-1927 00:00:00,Real S&P Comp return with dividend,1920,1,0.298219253
01-06-1927 00:00:00,Real S&P Comp yield,1920,1,0.054986568
01-06-1927 00:00:00,S&P Composite,1920,1,14.89
01-06-1928 00:00:00,1 Year,1920,1,0.361508359
01-06-1928 00:00:00,10 Years,1920,1,0.040825066
01-06-1928 00:00:00,3 Years,1920,1,0.100420728
01-06-1928 00:00:00,Inflation rate,1920,1,-0.028409091
01-06-1928 00:00:00,P/E,1920,1,15.277108434
01-06-1928 00:00:00,Real Forward 10 Years Annualized Cap Gains Return,1920,1,0.000515131
01-06-1928 00:00:00,Real Forward 10 years Appreciation Return,1920,1,0.094826099
01-06-1928 00:00:00,Real Forward 10 Years Dividend Annualized Return,1920,1,0.052733334
01-06-1928 00:00:00,Real interest rate,1920,1,0.064671345
01-06-1928 00:00:00,Real S&P Comp return with dividend,1920,1,0.367312222
01-06-1928 00:00:00,Real S&P Comp yield,1920,1,0.073071744
01-06-1928 00:00:00,S&P Composite,1920,1,19.02
01-06-1929 00:00:00,1 Year,1920,1,-0.127572585
01-06-1929 00:00:00,10 Years,1920,1,0.007961353
01-06-1929 00:00:00,3 Years,1920,1,-0.114237916
01-06-1929 00:00:00,Inflation rate,1920,1,0
01-06-1929 00:00:00,P/E,1920,1,17.491638796
01-06-1929 00:00:00,Real Forward 10 Years Annualized Cap Gains Return,1920,1,-0.037691327
01-06-1929 00:00:00,Real Forward 10 years Appreciation Return,1920,1,-0.141645225
01-06-1929 00:00:00,Real Forward 10 Years Dividend Annualized Return,1920,1,0.049973425
01-06-1929 00:00:00,Real interest rate,1920,1,0.034708333
01-06-1929 00:00:00,Real S&P Comp return with dividend,1920,1,0.361508359
01-06-1929 00:00:00,Real S&P Comp yield,1920,1,0.034799235
01-06-1929 00:00:00,S&P Composite,1920,1,26.15
01-06-1930 00:00:00,1 Year,1930,1,-0.241845936
01-06-1930 00:00:00,10 Years,1930,1,-0.027197793
01-06-1930 00:00:00,3 Years,1930,1,-0.277690622
01-06-1930 00:00:00,Inflation rate,1930,1,-0.01754386
01-06-1930 00:00:00,P/E,1930,1,16.682170543
01-06-1930 00:00:00,Real Forward 10 Years Annualized Cap Gains Return,1930,1,-0.066858821
01-06-1930 00:00:00,Real Forward 10 years Appreciation Return,1930,1,-0.113656137
01-06-1930 00:00:00,Real Forward 10 Years Dividend Annualized Return,1930,1,0.040360039
01-06-1930 00:00:00,Real interest rate,1930,1,0.051556696
01-06-1930 00:00:00,Real S&P Comp return with dividend,1930,1,-0.127572585
01-06-1930 00:00:00,Real S&P Comp yield,1930,1,0.063972882
01-06-1930 00:00:00,S&P Composite,1930,1,21.52
01-06-1931 00:00:00,1 Year,1930,1,-0.342848002
01-06-1931 00:00:00,10 Years,1930,1,-0.003678756
01-06-1931 00:00:00,3 Years,1930,1,-0.118952332
01-06-1931 00:00:00,Inflation rate,1930,1,-0.101190476
01-06-1931 00:00:00,P/E,1930,1,17.556962025
01-06-1931 00:00:00,Real Forward 10 Years Annualized Cap Gains Return,1930,1,-0.048767287
01-06-1931 00:00:00,Real Forward 10 years Appreciation Return,1930,1,0.171131926
01-06-1931 00:00:00,Real Forward 10 Years Dividend Annualized Return,1930,1,0.044325729
01-06-1931 00:00:00,Real interest rate,1930,1,0.151319205
01-06-1931 00:00:00,Real S&P Comp return with dividend,1930,1,-0.241845936
01-06-1931 00:00:00,Real S&P Comp yield,1930,1,0.184776329
01-06-1931 00:00:00,S&P Composite,1930,1,13.87
01-06-1932 00:00:00,1 Year,1930,1,0.517099765
01-06-1932 00:00:00,10 Years,1930,1,0.03154489
01-06-1932 00:00:00,3 Years,1930,1,-0.041667297
01-06-1932 00:00:00,Inflation rate,1930,1,-0.099337748
01-06-1932 00:00:00,P/E,1930,1,9.352941176
01-06-1932 00:00:00,Real Forward 10 Years Annualized Cap Gains Return,1930,1,-0.014984754
01-06-1932 00:00:00,Real Forward 10 years Appreciation Return,1930,1,1.495507007
01-06-1932 00:00:00,Real Forward 10 Years Dividend Annualized Return,1930,1,0.041221641
01-06-1932 00:00:00,Real interest rate,1930,1,0.149441238
01-06-1932 00:00:00,Real S&P Comp return with dividend,1930,1,-0.342848002
01-06-1932 00:00:00,Real S&P Comp yield,1930,1,0.263919719
01-06-1932 00:00:00,S&P Composite,1930,1,4.77
01-06-1933 00:00:00,1 Year,1930,1,0.176049675
01-06-1933 00:00:00,10 Years,1930,1,0.036929529
01-06-1933 00:00:00,3 Years,1930,1,0.126508854
01-06-1933 00:00:00,Inflation rate,1930,1,-0.066176471
01-06-1933 00:00:00,P/E,1930,1,24.447058824
01-06-1933 00:00:00,Real Forward 10 Years Annualized Cap Gains Return,1930,1,-0.015725909
01-06-1933 00:00:00,Real Forward 10 years Appreciation Return,1930,1,0.264179866
01-06-1933 00:00:00,Real Forward 10 Years Dividend Annualized Return,1930,1,0.033910763
01-06-1933 00:00:00,Real interest rate,1930,1,0.105464042
01-06-1933 00:00:00,Real S&P Comp return with dividend,1930,1,0.517099765
01-06-1933 00:00:00,Real S&P Comp yield,1930,1,0.119307632
01-06-1933 00:00:00,S&P Composite,1930,1,10.39
01-06-1934 00:00:00,1 Year,1930,1,0.112972871
01-06-1934 00:00:00,10 Years,1930,1,0.025967874
01-06-1934 00:00:00,3 Years,1930,1,0.137579614
01-06-1934 00:00:00,Inflation rate,1930,1,0.05511811
01-06-1934 00:00:00,P/E,1930,1,21.376344086
01-06-1934 00:00:00,Real Forward 10 Years Annualized Cap Gains Return,1930,1,-0.015000931
01-06-1934 00:00:00,Real Forward 10 years Appreciation Return,1930,1,0.442279381
01-06-1934 00:00:00,Real Forward 10 Years Dividend Annualized Return,1930,1,0.017643396
01-06-1934 00:00:00,Real interest rate,1930,1,-0.023971828
01-06-1934 00:00:00,Real S&P Comp return with dividend,1930,1,0.176049675
01-06-1934 00:00:00,Real S&P Comp yield,1930,1,-0.009808853
01-06-1934 00:00:00,S&P Composite,1930,1,9.94
01-06-1935 00:00:00,1 Year,1930,1,0.508335689
01-06-1935 00:00:00,10 Years,1930,1,0.049898408
01-06-1935 00:00:00,3 Years,1930,1,0.161562379
01-06-1935 00:00:00,Inflation rate,1930,1,0.02238806
01-06-1935 00:00:00,P/E,1930,1,12.49382716
01-06-1935 00:00:00,Real Forward 10 Years Annualized Cap Gains Return,1930,1,0.008677474
01-06-1935 00:00:00,Real Forward 10 years Appreciation Return,1930,1,0.60384202
01-06-1935 00:00:00,Real Forward 10 Years Dividend Annualized Return,1930,1,0.02701226
01-06-1935 00:00:00,Real interest rate,1930,1,0.004820681
01-06-1935 00:00:00,Real S&P Comp return with dividend,1930,1,0.112972871
01-06-1935 00:00:00,Real S&P Comp yield,1930,1,0.020628372
01-06-1935 00:00:00,S&P Composite,1930,1,10.12
01-06-1936 00:00:00,1 Year,1930,1,0.018425081
01-06-1936 00:00:00,10 Years,1930,1,0.037884384
01-06-1936 00:00:00,3 Years,1930,1,0.01297084
01-06-1936 00:00:00,Inflation rate,1930,1,0.00729927
01-06-1936 00:00:00,P/E,1930,1,16.693181818
01-06-1936 00:00:00,Real Forward 10 Years Annualized Cap Gains Return,1930,1,0.003220724
01-06-1936 00:00:00,Real Forward 10 years Appreciation Return,1930,1,0.262328724
01-06-1936 00:00:00,Real Forward 10 Years Dividend Annualized Return,1930,1,0.01622595
01-06-1936 00:00:00,Real interest rate,1930,1,0.019185688
01-06-1936 00:00:00,Real S&P Comp return with dividend,1930,1,0.508335689
01-06-1936 00:00:00,Real S&P Comp yield,1930,1,0.029922751
01-06-1936 00:00:00,S&P Composite,1930,1,14.69
01-06-1937 00:00:00,1 Year,1930,1,-0.150699886
01-06-1937 00:00:00,10 Years,1930,1,-0.007611141
01-06-1937 00:00:00,3 Years,1930,1,-0.059417215
01-06-1937 00:00:00,Inflation rate,1930,1,0.043478261
01-06-1937 00:00:00,P/E,1930,1,13.367521368
01-06-1937 00:00:00,Real Forward 10 Years Annualized Cap Gains Return,1930,1,-0.042869387
01-06-1937 00:00:00,Real Forward 10 years Appreciation Return,1930,1,-0.103584982
01-06-1937 00:00:00,Real Forward 10 Years Dividend Annualized Return,1930,1,-0.00329942
01-06-1937 00:00:00,Real interest rate,1930,1,-0.0164625
01-06-1937 00:00:00,Real S&P Comp return with dividend,1930,1,0.018425081
01-06-1937 00:00:00,Real S&P Comp yield,1930,1,0.009803922
01-06-1937 00:00:00,S&P Composite,1930,1,15.64
01-06-1938 00:00:00,1 Year,1930,1,0.124163331
01-06-1938 00:00:00,10 Years,1930,1,-0.004541923
01-06-1938 00:00:00,3 Years,1930,1,-0.064665962
01-06-1938 00:00:00,Inflation rate,1930,1,-0.020833333
01-06-1938 00:00:00,P/E,1930,1,13.25974026
01-06-1938 00:00:00,Real Forward 10 Years Annualized Cap Gains Return,1930,1,-0.039937907
01-06-1938 00:00:00,Real Forward 10 years Appreciation Return,1930,1,0.342885512
01-06-1938 00:00:00,Real Forward 10 Years Dividend Annualized Return,1930,1,-0.007763938
01-06-1938 00:00:00,Real interest rate,1930,1,0.046570213
01-06-1938 00:00:00,Real S&P Comp return with dividend,1930,1,-0.150699886
01-06-1938 00:00:00,Real S&P Comp yield,1930,1,0.095296643
01-06-1938 00:00:00,S&P Composite,1930,1,10.21
01-06-1939 00:00:00,1 Year,1930,1,-0.0410077
01-06-1939 00:00:00,10 Years,1930,1,0.009368403
01-06-1939 00:00:00,3 Years,1930,1,-0.047933613
01-06-1939 00:00:00,Inflation rate,1930,1,-0.021276596
01-06-1939 00:00:00,P/E,1930,1,15.039473684
01-06-1939 00:00:00,Real Forward 10 Years Annualized Cap Gains Return,1930,1,-0.025555435
01-06-1939 00:00:00,Real Forward 10 years Appreciation Return,1930,1,0.057205953
01-06-1939 00:00:00,Real Forward 10 Years Dividend Annualized Return,1930,1,-0.010335084
01-06-1939 00:00:00,Real interest rate,1930,1,0.045213587
01-06-1939 00:00:00,Real S&P Comp return with dividend,1930,1,0.124163331
01-06-1939 00:00:00,Real S&P Comp yield,1930,1,0.06911636
01-06-1939 00:00:00,S&P Composite,1930,1,11.43
01-06-1940 00:00:00,1 Year,1940,1,-0.08794568
01-06-1940 00:00:00,10 Years,1940,1,0.004191419
01-06-1940 00:00:00,3 Years,1940,1,-0.14496349
01-06-1940 00:00:00,Inflation rate,1940,1,0.02173913
01-06-1940 00:00:00,P/E,1940,1,9.298076923
01-06-1940 00:00:00,Real Forward 10 Years Annualized Cap Gains Return,1940,1,-0.032907148
01-06-1940 00:00:00,Real Forward 10 years Appreciation Return,1940,1,0.606441072
01-06-1940 00:00:00,Real Forward 10 Years Dividend Annualized Return,1940,1,-0.008621617
01-06-1940 00:00:00,Real interest rate,1940,1,-0.000707092
01-06-1940 00:00:00,Real S&P Comp return with dividend,1940,1,-0.0410077
01-06-1940 00:00:00,Real S&P Comp yield,1940,1,0.04451143
01-06-1940 00:00:00,S&P Composite,1940,1,9.67
01-06-1941 00:00:00,1 Year,1940,1,-0.138206039
01-06-1941 00:00:00,10 Years,1940,1,0.037288524
01-06-1941 00:00:00,3 Years,1940,1,-0.014591955
01-06-1941 00:00:00,Inflation rate,1940,1,0.042553191
01-06-1941 00:00:00,P/E,1940,1,8.95412844
01-06-1941 00:00:00,Real Forward 10 Years Annualized Cap Gains Return,1940,1,0.002947803
01-06-1941 00:00:00,Real Forward 10 years Appreciation Return,1940,1,0.732581524
01-06-1941 00:00:00,Real Forward 10 Years Dividend Annualized Return,1940,1,-0.001408949
01-06-1941 00:00:00,Real interest rate,1940,1,-0.02007398
01-06-1941 00:00:00,Real S&P Comp return with dividend,1940,1,-0.08794568
01-06-1941 00:00:00,Real S&P Comp yield,1940,1,0.026994814
01-06-1941 00:00:00,S&P Composite,1940,1,9.76
01-06-1942 00:00:00,1 Year,1940,1,0.322897788
01-06-1942 00:00:00,10 Years,1940,1,0.06078251
01-06-1942 00:00:00,3 Years,1940,1,0.033040686
01-06-1942 00:00:00,Inflation rate,1940,1,0.108843537
01-06-1942 00:00:00,P/E,1940,1,8.5
01-06-1942 00:00:00,Real Forward 10 Years Annualized Cap Gains Return,1940,1,0.028663802
01-06-1942 00:00:00,Real Forward 10 years Appreciation Return,1940,1,1.464929879
01-06-1942 00:00:00,Real Forward 10 Years Dividend Annualized Return,1940,1,0.005470608
01-06-1942 00:00:00,Real interest rate,1940,1,-0.075936656
01-06-1942 00:00:00,Real S&P Comp return with dividend,1940,1,-0.138206039
01-06-1942 00:00:00,Real S&P Comp yield,1940,1,-0.026705161
01-06-1942 00:00:00,S&P Composite,1940,1,8.33
01-06-1943 00:00:00,1 Year,1940,1,0.120240365
01-06-1943 00:00:00,10 Years,1940,1,0.092367297
01-06-1943 00:00:00,3 Years,1940,1,0.200191029
01-06-1943 00:00:00,Inflation rate,1940,1,0.073619632
01-06-1943 00:00:00,P/E,1940,1,11
01-06-1943 00:00:00,Real Forward 10 Years Annualized Cap Gains Return,1940,1,0.058413635
01-06-1943 00:00:00,Real Forward 10 years Appreciation Return,1940,1,0.821922477
01-06-1943 00:00:00,Real Forward 10 Years Dividend Annualized Return,1940,1,0.024434168
01-06-1943 00:00:00,Real interest rate,1940,1,-0.045526333
01-06-1943 00:00:00,Real S&P Comp return with dividend,1940,1,0.322897788
01-06-1943 00:00:00,Real S&P Comp yield,1940,1,-0.023154664
01-06-1943 00:00:00,S&P Composite,1940,1,12.1
01-06-1944 00:00:00,1 Year,1940,1,0.237867016
01-06-1944 00:00:00,10 Years,1940,1,0.060287281
01-06-1944 00:00:00,3 Years,1940,1,0.038343056
01-06-1944 00:00:00,Inflation rate,1940,1,0.005714286
01-06-1944 00:00:00,P/E,1940,1,13.77173913
01-06-1944 00:00:00,Real Forward 10 Years Annualized Cap Gains Return,1940,1,0.0230042
01-06-1944 00:00:00,Real Forward 10 years Appreciation Return,1940,1,1.044958033
01-06-1944 00:00:00,Real Forward 10 Years Dividend Annualized Return,1940,1,0.01730529
01-06-1944 00:00:00,Real interest rate,1940,1,0.018521544
01-06-1944 00:00:00,Real S&P Comp return with dividend,1940,1,0.120240365
01-06-1944 00:00:00,Real S&P Comp yield,1940,1,0.043759417
01-06-1944 00:00:00,S&P Composite,1940,1,12.67
01-06-1945 00:00:00,1 Year,1940,1,0.104667089
01-06-1945 00:00:00,10 Years,1940,1,0.082871718
01-06-1945 00:00:00,3 Years,1940,1,-0.012941459
01-06-1945 00:00:00,Inflation rate,1940,1,0.028409091
01-06-1945 00:00:00,P/E,1940,1,15.09
01-06-1945 00:00:00,Real Forward 10 Years Annualized Cap Gains Return,1940,1,0.051256896
01-06-1945 00:00:00,Real Forward 10 years Appreciation Return,1940,1,1.304443447
01-06-1945 00:00:00,Real Forward 10 Years Dividend Annualized Return,1940,1,0.020831799
01-06-1945 00:00:00,Real interest rate,1940,1,-0.005308287
01-06-1945 00:00:00,Real S&P Comp return with dividend,1940,1,0.237867016
01-06-1945 00:00:00,Real S&P Comp yield,1940,1,0.014260661
01-06-1945 00:00:00,S&P Composite,1940,1,15.09
01-06-1946 00:00:00,1 Year,1940,1,-0.177313359
01-06-1946 00:00:00,10 Years,1940,1,0.090704879
01-06-1946 00:00:00,3 Years,1940,1,-0.083424744
01-06-1946 00:00:00,Inflation rate,1940,1,0.033149171
01-06-1946 00:00:00,P/E,1940,1,22.119047619
01-06-1946 00:00:00,Real Forward 10 Years Annualized Cap Gains Return,1940,1,0.065360721
01-06-1946 00:00:00,Real Forward 10 years Appreciation Return,1940,1,1.17541162
01-06-1946 00:00:00,Real Forward 10 Years Dividend Annualized Return,1940,1,0.016004273
01-06-1946 00:00:00,Real interest rate,1940,1,-0.010646257
01-06-1946 00:00:00,Real S&P Comp return with dividend,1940,1,0.104667089
01-06-1946 00:00:00,Real S&P Comp yield,1940,1,0.003338648
01-06-1946 00:00:00,S&P Composite,1940,1,18.58
01-06-1947 00:00:00,1 Year,1940,1,0.002238982
01-06-1947 00:00:00,10 Years,1940,1,0.113977479
01-06-1947 00:00:00,3 Years,1940,1,-0.025927737
01-06-1947 00:00:00,Inflation rate,1940,1,0.176470588
01-06-1947 00:00:00,P/E,1940,1,10.305555556
01-06-1947 00:00:00,Real Forward 10 Years Annualized Cap Gains Return,1940,1,0.087378458
01-06-1947 00:00:00,Real Forward 10 years Appreciation Return,1940,1,2.22462572
01-06-1947 00:00:00,Real Forward 10 Years Dividend Annualized Return,1940,1,0.032456135
01-06-1947 00:00:00,Real interest rate,1940,1,-0.130202083
01-06-1947 00:00:00,Real S&P Comp return with dividend,1940,1,-0.177313359
01-06-1947 00:00:00,Real S&P Comp yield,1940,1,-0.106469003
01-06-1947 00:00:00,S&P Composite,1940,1,14.84
01-06-1948 00:00:00,1 Year,1940,1,0.054181925
01-06-1948 00:00:00,10 Years,1940,1,0.120470887
01-06-1948 00:00:00,3 Years,1940,1,0.07913235
01-06-1948 00:00:00,Inflation rate,1940,1,0.095454545
01-06-1948 00:00:00,P/E,1940,1,9.043010753
01-06-1948 00:00:00,Real Forward 10 Years Annualized Cap Gains Return,1940,1,0.09027779
01-06-1948 00:00:00,Real Forward 10 years Appreciation Return,1940,1,1.937975669
01-06-1948 00:00:00,Real Forward 10 Years Dividend Annualized Return,1940,1,0.045354652
01-06-1948 00:00:00,Real interest rate,1940,1,-0.065357538
01-06-1948 00:00:00,Real S&P Comp return with dividend,1940,1,0.002238982
01-06-1948 00:00:00,Real S&P Comp yield,1940,1,-0.041005324
01-06-1948 00:00:00,S&P Composite,1940,1,16.82
01-06-1949 00:00:00,1 Year,1940,1,0.269642279
01-06-1949 00:00:00,10 Years,1940,1,0.131033168
01-06-1949 00:00:00,3 Years,1940,1,0.137219802
01-06-1949 00:00:00,Inflation rate,1940,1,-0.008298755
01-06-1949 00:00:00,P/E,1940,1,5.820833333
01-06-1949 00:00:00,Real Forward 10 Years Annualized Cap Gains Return,1940,1,0.101679692
01-06-1949 00:00:00,Real Forward 10 years Appreciation Return,1940,1,3.279699353
01-06-1949 00:00:00,Real Forward 10 Years Dividend Annualized Return,1940,1,0.050704776
01-06-1949 00:00:00,Real interest rate,1940,1,0.031703522
01-06-1949 00:00:00,Real S&P Comp return with dividend,1940,1,0.054181925
01-06-1949 00:00:00,Real S&P Comp yield,1940,1,0.081992794
01-06-1949 00:00:00,S&P Composite,1940,1,13.97
01-06-1950 00:00:00,1 Year,1950,1,0.198527271
01-06-1950 00:00:00,10 Years,1950,1,0.143479664
01-06-1950 00:00:00,3 Years,1950,1,0.147487659
01-06-1950 00:00:00,Inflation rate,1950,1,-0.0041841
01-06-1950 00:00:00,P/E,1950,1,7.377952756
01-06-1950 00:00:00,Real Forward 10 Years Annualized Cap Gains Return,1950,1,0.11628079
01-06-1950 00:00:00,Real Forward 10 years Appreciation Return,1950,1,2.147176938
01-06-1950 00:00:00,Real Forward 10 Years Dividend Annualized Return,1950,1,0.05029042
01-06-1950 00:00:00,Real interest rate,1950,1,0.028545203
01-06-1950 00:00:00,Real S&P Comp return with dividend,1950,1,0.269642279
01-06-1950 00:00:00,Real S&P Comp yield,1950,1,0.068504883
01-06-1950 00:00:00,S&P Composite,1950,1,18.74
01-06-1951 00:00:00,1 Year,1950,1,0.137041102
01-06-1951 00:00:00,10 Years,1950,1,0.118727575
01-06-1951 00:00:00,3 Years,1950,1,0.055272124
01-06-1951 00:00:00,Inflation rate,1950,1,0.088235294
01-06-1951 00:00:00,P/E,1950,1,7.922794118
01-06-1951 00:00:00,Real Forward 10 Years Annualized Cap Gains Return,1950,1,0.090028755
01-06-1951 00:00:00,Real Forward 10 years Appreciation Return,1950,1,2.316893651
01-06-1951 00:00:00,Real Forward 10 Years Dividend Annualized Return,1950,1,0.043244597
01-06-1951 00:00:00,Real interest rate,1950,1,-0.057043694
01-06-1951 00:00:00,Real S&P Comp return with dividend,1950,1,0.198527271
01-06-1951 00:00:00,Real S&P Comp yield,1950,1,-0.014560732
01-06-1951 00:00:00,S&P Composite,1950,1,21.55
01-06-1952 00:00:00,1 Year,1950,1,0.06032854
01-06-1952 00:00:00,10 Years,1950,1,0.120214854
01-06-1952 00:00:00,3 Years,1950,1,0.109059345
01-06-1952 00:00:00,Inflation rate,1950,1,0.023166023
01-06-1952 00:00:00,P/E,1950,1,10.418803419
01-06-1952 00:00:00,Real Forward 10 Years Annualized Cap Gains Return,1950,1,0.095614578
01-06-1952 00:00:00,Real Forward 10 years Appreciation Return,1950,1,1.619835306
01-06-1952 00:00:00,Real Forward 10 Years Dividend Annualized Return,1950,1,0.040658208
01-06-1952 00:00:00,Real interest rate,1950,1,0.004162547
01-06-1952 00:00:00,Real S&P Comp return with dividend,1950,1,0.137041102
01-06-1952 00:00:00,Real S&P Comp yield,1950,1,0.035486867
01-06-1952 00:00:00,S&P Composite,1950,1,24.38
01-06-1953 00:00:00,1 Year,1950,1,0.260055392
01-06-1953 00:00:00,10 Years,1950,1,0.103166938
01-06-1953 00:00:00,3 Years,1950,1,0.224319767
01-06-1953 00:00:00,Inflation rate,1950,1,0.011320755
01-06-1953 00:00:00,P/E,1950,1,9.541832669
01-06-1953 00:00:00,Real Forward 10 Years Annualized Cap Gains Return,1950,1,0.074722737
01-06-1953 00:00:00,Real Forward 10 years Appreciation Return,1950,1,2.21673669
01-06-1953 00:00:00,Real Forward 10 Years Dividend Annualized Return,1950,1,0.040820191
01-06-1953 00:00:00,Real interest rate,1950,1,0.019557836
01-06-1953 00:00:00,Real S&P Comp return with dividend,1950,1,0.06032854
01-06-1953 00:00:00,Real S&P Comp yield,1950,1,0.047432462
01-06-1953 00:00:00,S&P Composite,1950,1,23.95
01-06-1954 00:00:00,1 Year,1950,1,0.421996969
01-06-1954 00:00:00,10 Years,1950,1,0.130935777
01-06-1954 00:00:00,3 Years,1950,1,0.268839843
01-06-1954 00:00:00,Inflation rate,1950,1,0.003731343
01-06-1954 00:00:00,P/E,1950,1,11.053435115
01-06-1954 00:00:00,Real Forward 10 Years Annualized Cap Gains Return,1950,1,0.106177213
01-06-1954 00:00:00,Real Forward 10 years Appreciation Return,1950,1,1.964288031
01-06-1954 00:00:00,Real Forward 10 Years Dividend Annualized Return,1950,1,0.045195062
01-06-1954 00:00:00,Real interest rate,1950,1,0.019994052
01-06-1954 00:00:00,Real S&P Comp return with dividend,1950,1,0.260055392
01-06-1954 00:00:00,Real S&P Comp yield,1950,1,0.046165458
01-06-1954 00:00:00,S&P Composite,1950,1,28.96
01-06-1955 00:00:00,1 Year,1950,1,0.183072245
01-06-1955 00:00:00,10 Years,1950,1,0.108611708
01-06-1955 00:00:00,3 Years,1950,1,0.111912809
01-06-1955 00:00:00,Inflation rate,1950,1,-0.007434944
01-06-1955 00:00:00,P/E,1950,1,12.354037267
01-06-1955 00:00:00,Real Forward 10 Years Annualized Cap Gains Return,1950,1,0.08616846
01-06-1955 00:00:00,Real Forward 10 years Appreciation Return,1950,1,1.224123357
01-06-1955 00:00:00,Real Forward 10 Years Dividend Annualized Return,1950,1,0.032762038
01-06-1955 00:00:00,Real interest rate,1950,1,0.035498876
01-06-1955 00:00:00,Real S&P Comp return with dividend,1950,1,0.421996969
01-06-1955 00:00:00,Real S&P Comp yield,1950,1,0.047253339
01-06-1955 00:00:00,S&P Composite,1950,1,39.78
01-06-1956 00:00:00,1 Year,1950,1,-0.042072832
01-06-1956 00:00:00,10 Years,1950,1,0.076948193
01-06-1956 00:00:00,3 Years,1950,1,0.021009899
01-06-1956 00:00:00,Inflation rate,1950,1,0.018726592
01-06-1956 00:00:00,P/E,1950,1,12.852777778
01-06-1956 00:00:00,Real Forward 10 Years Annualized Cap Gains Return,1950,1,0.055482376
01-06-1956 00:00:00,Real Forward 10 years Appreciation Return,1950,1,0.937629676
01-06-1956 00:00:00,Real Forward 10 Years Dividend Annualized Return,1950,1,0.0212474
01-06-1956 00:00:00,Real interest rate,1950,1,0.011066176
01-06-1956 00:00:00,Real S&P Comp return with dividend,1950,1,0.183072245
01-06-1956 00:00:00,Real S&P Comp yield,1950,1,0.019804631
01-06-1956 00:00:00,S&P Composite,1950,1,46.27
01-06-1957 00:00:00,1 Year,1950,1,0.060735228
01-06-1957 00:00:00,10 Years,1950,1,0.05861213
01-06-1957 00:00:00,3 Years,1950,1,0.054975575
01-06-1957 00:00:00,Inflation rate,1950,1,0.033088235
01-06-1957 00:00:00,P/E,1950,1,13.903508772
01-06-1957 00:00:00,Real Forward 10 Years Annualized Cap Gains Return,1950,1,0.033622927
01-06-1957 00:00:00,Real Forward 10 years Appreciation Return,1950,1,1.010090874
01-06-1957 00:00:00,Real Forward 10 Years Dividend Annualized Return,1950,1,0.019540614
01-06-1957 00:00:00,Real interest rate,1950,1,0.004754448
01-06-1957 00:00:00,Real S&P Comp return with dividend,1950,1,-0.042072832
01-06-1957 00:00:00,Real S&P Comp yield,1950,1,0.003189001
01-06-1957 00:00:00,S&P Composite,1950,1,47.55
01-06-1958 00:00:00,1 Year,1950,1,0.275509586
01-06-1958 00:00:00,10 Years,1950,1,0.084887251
01-06-1958 00:00:00,3 Years,1950,1,0.071696621
01-06-1958 00:00:00,Inflation rate,1950,1,0.028469751
01-06-1958 00:00:00,P/E,1950,1,15.273037543
01-06-1958 00:00:00,Real Forward 10 Years Annualized Cap Gains Return,1950,1,0.062576673
01-06-1958 00:00:00,Real Forward 10 years Appreciation Return,1950,1,1.298534383
01-06-1958 00:00:00,Real Forward 10 Years Dividend Annualized Return,1950,1,0.023869628
01-06-1958 00:00:00,Real interest rate,1950,1,0.001196194
01-06-1958 00:00:00,Real S&P Comp return with dividend,1950,1,0.060735228
01-06-1958 00:00:00,Real S&P Comp yield,1950,1,0.009907406
01-06-1958 00:00:00,S&P Composite,1950,1,44.75
01-06-1959 00:00:00,1 Year,1950,1,-0.007993556
01-06-1959 00:00:00,10 Years,1950,1,0.076797962
01-06-1959 00:00:00,3 Years,1950,1,0.107992299
01-06-1959 00:00:00,Inflation rate,1950,1,0.006920415
01-06-1959 00:00:00,P/E,1950,1,16.9
01-06-1959 00:00:00,Real Forward 10 Years Annualized Cap Gains Return,1950,1,0.05471683
01-06-1959 00:00:00,Real Forward 10 years Appreciation Return,1950,1,0.708227888
01-06-1959 00:00:00,Real Forward 10 Years Dividend Annualized Return,1950,1,0.019712258
01-06-1959 00:00:00,Real interest rate,1950,1,0.036228866
01-06-1959 00:00:00,Real S&P Comp return with dividend,1950,1,0.275509586
01-06-1959 00:00:00,Real S&P Comp yield,1950,1,0.02406515
01-06-1959 00:00:00,S&P Composite,1950,1,57.46
01-06-1960 00:00:00,1 Year,1960,1,0.209537416
01-06-1960 00:00:00,10 Years,1960,1,0.051321389
01-06-1960 00:00:00,3 Years,1960,1,0.004307419
01-06-1960 00:00:00,Inflation rate,1960,1,0.017182131
01-06-1960 00:00:00,P/E,1960,1,17.564417178
01-06-1960 00:00:00,Real Forward 10 Years Annualized Cap Gains Return,1960,1,0.027239197
01-06-1960 00:00:00,Real Forward 10 years Appreciation Return,1960,1,0.348262989
01-06-1960 00:00:00,Real Forward 10 Years Dividend Annualized Return,1960,1,0.012381114
01-06-1960 00:00:00,Real interest rate,1960,1,0.023907095
01-06-1960 00:00:00,Real S&P Comp return with dividend,1960,1,-0.007993556
01-06-1960 00:00:00,Real S&P Comp yield,1960,1,0.016588038
01-06-1960 00:00:00,S&P Composite,1960,1,57.26
01-06-1961 00:00:00,1 Year,1960,1,-0.035057447
01-06-1961 00:00:00,10 Years,1960,1,0.041009866
01-06-1961 00:00:00,3 Years,1960,1,0.096273329
01-06-1961 00:00:00,Inflation rate,1960,1,0.006756757
01-06-1961 00:00:00,P/E,1960,1,21.656765677
01-06-1961 00:00:00,Real Forward 10 Years Annualized Cap Gains Return,1960,1,0.012982802
01-06-1961 00:00:00,Real Forward 10 years Appreciation Return,1960,1,0.415092464
01-06-1961 00:00:00,Real Forward 10 Years Dividend Annualized Return,1960,1,0.010681773
01-06-1961 00:00:00,Real interest rate,1960,1,0.031828188
01-06-1961 00:00:00,Real S&P Comp return with dividend,1960,1,0.209537416
01-06-1961 00:00:00,Real S&P Comp yield,1960,1,0.022654331
01-06-1961 00:00:00,S&P Composite,1960,1,65.62
01-06-1962 00:00:00,1 Year,1960,1,0.151291013
01-06-1962 00:00:00,10 Years,1960,1,0.032930845
01-06-1962 00:00:00,3 Years,1960,1,0.070694617
01-06-1962 00:00:00,Inflation rate,1960,1,0.013422819
01-06-1962 00:00:00,P/E,1960,1,16.031700288
01-06-1962 00:00:00,Real Forward 10 Years Annualized Cap Gains Return,1960,1,0.008344796
01-06-1962 00:00:00,Real Forward 10 years Appreciation Return,1960,1,0.7687013
01-06-1962 00:00:00,Real Forward 10 Years Dividend Annualized Return,1960,1,0.003086034
01-06-1962 00:00:00,Real interest rate,1960,1,0.025337086
01-06-1962 00:00:00,Real S&P Comp return with dividend,1960,1,-0.035057447
01-06-1962 00:00:00,Real S&P Comp yield,1960,1,0.023294878
01-06-1962 00:00:00,S&P Composite,1960,1,55.63
01-06-1963 00:00:00,1 Year,1960,1,0.182850506
01-06-1963 00:00:00,10 Years,1960,1,0.055237005
01-06-1963 00:00:00,3 Years,1960,1,0.150141009
01-06-1963 00:00:00,Inflation rate,1960,1,0.013245033
01-06-1963 00:00:00,P/E,1960,1,18.2578125
01-06-1963 00:00:00,Real Forward 10 Years Annualized Cap Gains Return,1960,1,0.031378518
01-06-1963 00:00:00,Real Forward 10 years Appreciation Return,1960,1,0.320012698
01-06-1963 00:00:00,Real Forward 10 Years Dividend Annualized Return,1960,1,0.006982872
01-06-1963 00:00:00,Real interest rate,1960,1,0.026306536
01-06-1963 00:00:00,Real S&P Comp return with dividend,1960,1,0.151291013
01-06-1963 00:00:00,Real S&P Comp yield,1960,1,0.017897179
01-06-1963 00:00:00,S&P Composite,1960,1,70.11
01-06-1964 00:00:00,1 Year,1960,1,0.097686438
01-06-1964 00:00:00,10 Years,1960,1,0.023071658
01-06-1964 00:00:00,3 Years,1960,1,0.01174573
01-06-1964 00:00:00,Inflation rate,1960,1,0.013071895
01-06-1964 00:00:00,P/E,1960,1,18.531177829
01-06-1964 00:00:00,Real Forward 10 Years Annualized Cap Gains Return,1960,1,-0.001556647
01-06-1964 00:00:00,Real Forward 10 years Appreciation Return,1960,1,-0.055729611
01-06-1964 00:00:00,Real Forward 10 Years Dividend Annualized Return,1960,1,-0.005025494
01-06-1964 00:00:00,Real interest rate,1960,1,0.02825871
01-06-1964 00:00:00,Real S&P Comp return with dividend,1960,1,0.182850506
01-06-1964 00:00:00,Real S&P Comp yield,1960,1,0.016375068
01-06-1964 00:00:00,S&P Composite,1960,1,80.24
01-06-1965 00:00:00,1 Year,1960,1,-0.02916099
01-06-1965 00:00:00,10 Years,1960,1,-0.031655249
01-06-1965 00:00:00,3 Years,1960,1,0.030272281
01-06-1965 00:00:00,Inflation rate,1960,1,0.019354839
01-06-1965 00:00:00,P/E,1960,1,17.570247934
01-06-1965 00:00:00,Real Forward 10 Years Annualized Cap Gains Return,1960,1,-0.066602488
01-06-1965 00:00:00,Real Forward 10 years Appreciation Return,1960,1,-0.143806727
01-06-1965 00:00:00,Real Forward 10 Years Dividend Annualized Return,1960,1,-0.017564861
01-06-1965 00:00:00,Real interest rate,1960,1,0.022313291
01-06-1965 00:00:00,Real S&P Comp return with dividend,1960,1,0.097686438
01-06-1965 00:00:00,Real S&P Comp yield,1960,1,0.011121349
01-06-1965 00:00:00,S&P Composite,1960,1,85.04
01-06-1966 00:00:00,1 Year,1960,1,0.088712067
01-06-1966 00:00:00,10 Years,1960,1,-0.028179013
01-06-1966 00:00:00,3 Years,1960,1,0.016174451
01-06-1966 00:00:00,Inflation rate,1960,1,0.025316456
01-06-1966 00:00:00,P/E,1960,1,15.761904762
01-06-1966 00:00:00,Real Forward 10 Years Annualized Cap Gains Return,1960,1,-0.058330802
01-06-1966 00:00:00,Real Forward 10 years Appreciation Return,1960,1,-0.112561265
01-06-1966 00:00:00,Real Forward 10 Years Dividend Annualized Return,1960,1,-0.024304702
01-06-1966 00:00:00,Real interest rate,1960,1,0.022220988
01-06-1966 00:00:00,Real S&P Comp return with dividend,1960,1,-0.02916099
01-06-1966 00:00:00,Real S&P Comp yield,1960,1,0.007380725
01-06-1966 00:00:00,S&P Composite,1960,1,86.06
01-06-1967 00:00:00,1 Year,1960,1,0.060310368
01-06-1967 00:00:00,10 Years,1960,1,0.000559737
01-06-1967 00:00:00,3 Years,1960,1,0.033647806
01-06-1967 00:00:00,Inflation rate,1960,1,0.027777778
01-06-1967 00:00:00,P/E,1960,1,17.153846154
01-06-1967 00:00:00,Real Forward 10 Years Annualized Cap Gains Return,1960,1,-0.025831166
01-06-1967 00:00:00,Real Forward 10 years Appreciation Return,1960,1,-0.204654623
01-06-1967 00:00:00,Real Forward 10 Years Dividend Annualized Return,1960,1,-0.021630132
01-06-1967 00:00:00,Real interest rate,1960,1,0.021816216
01-06-1967 00:00:00,Real S&P Comp return with dividend,1960,1,0.088712067
01-06-1967 00:00:00,Real S&P Comp yield,1960,1,0.003833977
01-06-1967 00:00:00,S&P Composite,1960,1,91.43
01-06-1968 00:00:00,1 Year,1960,1,-0.026159266
01-06-1968 00:00:00,10 Years,1960,1,-0.029425245
01-06-1968 00:00:00,3 Years,1960,1,-0.08490791
01-06-1968 00:00:00,Inflation rate,1960,1,0.042042042
01-06-1968 00:00:00,P/E,1960,1,18.043087971
01-06-1968 00:00:00,Real Forward 10 Years Annualized Cap Gains Return,1960,1,-0.058095102
01-06-1968 00:00:00,Real Forward 10 years Appreciation Return,1960,1,-0.297524051
01-06-1968 00:00:00,Real Forward 10 Years Dividend Annualized Return,1960,1,-0.029739572
01-06-1968 00:00:00,Real interest rate,1960,1,0.014546398
01-06-1968 00:00:00,Real S&P Comp return with dividend,1960,1,0.060310368
01-06-1968 00:00:00,Real S&P Comp yield,1960,1,-0.011794916
01-06-1968 00:00:00,S&P Composite,1960,1,100.5
01-06-1969 00:00:00,1 Year,1960,1,-0.164484759
01-06-1969 00:00:00,10 Years,1960,1,-0.031479695
01-06-1969 00:00:00,3 Years,1960,1,-0.045095037
01-06-1969 00:00:00,Inflation rate,1960,1,0.054755043
01-06-1969 00:00:00,P/E,1960,1,16.976027397
01-06-1969 00:00:00,Real Forward 10 Years Annualized Cap Gains Return,1960,1,-0.059520881
01-06-1969 00:00:00,Real Forward 10 years Appreciation Return,1960,1,-0.29158238
01-06-1969 00:00:00,Real Forward 10 Years Dividend Annualized Return,1960,1,-0.033301678
01-06-1969 00:00:00,Real interest rate,1960,1,0.010376776
01-06-1969 00:00:00,Real S&P Comp return with dividend,1960,1,-0.026159266
01-06-1969 00:00:00,Real S&P Comp yield,1960,1,-0.021980012
01-06-1969 00:00:00,S&P Composite,1960,1,99.14
01-06-1970 00:00:00,1 Year,1970,1,0.174090574
01-06-1970 00:00:00,10 Years,1970,1,-0.025876206
01-06-1970 00:00:00,3 Years,1970,1,0.016132539
01-06-1970 00:00:00,Inflation rate,1970,1,0.06010929
01-06-1970 00:00:00,P/E,1970,1,13.69384058
01-06-1970 00:00:00,Real Forward 10 Years Annualized Cap Gains Return,1970,1,-0.054419049
01-06-1970 00:00:00,Real Forward 10 years Appreciation Return,1970,1,-0.043324502
01-06-1970 00:00:00,Real Forward 10 Years Dividend Annualized Return,1970,1,-0.035697315
01-06-1970 00:00:00,Real interest rate,1970,1,0.017253608
01-06-1970 00:00:00,Real S&P Comp return with dividend,1970,1,-0.164484759
01-06-1970 00:00:00,Real S&P Comp yield,1970,1,-0.017017333
01-06-1970 00:00:00,S&P Composite,1970,1,75.59
01-06-1971 00:00:00,1 Year,1970,1,0.107262672
01-06-1971 00:00:00,10 Years,1970,1,-0.005929241
01-06-1971 00:00:00,3 Years,1970,1,0.045212276
01-06-1971 00:00:00,Inflation rate,1970,1,0.046391753
01-06-1971 00:00:00,P/E,1970,1,18.744360902
01-06-1971 00:00:00,Real Forward 10 Years Annualized Cap Gains Return,1970,1,-0.033009421
01-06-1971 00:00:00,Real Forward 10 years Appreciation Return,1970,1,-0.214257623
01-06-1971 00:00:00,Real Forward 10 Years Dividend Annualized Return,1970,1,-0.035859614
01-06-1971 00:00:00,Real interest rate,1970,1,0.017974384
01-06-1971 00:00:00,Real S&P Comp return with dividend,1970,1,0.174090574
01-06-1971 00:00:00,Real S&P Comp yield,1970,1,-0.014626175
01-06-1971 00:00:00,S&P Composite,1970,1,99.72
01-06-1972 00:00:00,1 Year,1970,1,-0.042311803
01-06-1972 00:00:00,10 Years,1970,1,-0.033385159
01-06-1972 00:00:00,3 Years,1970,1,-0.166616089
01-06-1972 00:00:00,Inflation rate,1970,1,0.027093596
01-06-1972 00:00:00,P/E,1970,1,18.090452261
01-06-1972 00:00:00,Real Forward 10 Years Annualized Cap Gains Return,1970,1,-0.063119368
01-06-1972 00:00:00,Real Forward 10 years Appreciation Return,1970,1,-0.379932597
01-06-1972 00:00:00,Real Forward 10 Years Dividend Annualized Return,1970,1,-0.045326567
01-06-1972 00:00:00,Real interest rate,1970,1,0.033109353
01-06-1972 00:00:00,Real S&P Comp return with dividend,1970,1,0.107262672
01-06-1972 00:00:00,Real S&P Comp yield,1970,1,0.001297184
01-06-1972 00:00:00,S&P Composite,1970,1,108
01-06-1973 00:00:00,1 Year,1970,1,-0.280645944
01-06-1973 00:00:00,10 Years,1970,1,-0.039844293
01-06-1973 00:00:00,3 Years,1970,1,-0.146888496
01-06-1973 00:00:00,Inflation rate,1970,1,0.059952038
01-06-1973 00:00:00,P/E,1970,1,14.495159059
01-06-1973 00:00:00,Real Forward 10 Years Annualized Cap Gains Return,1970,1,-0.070549319
01-06-1973 00:00:00,Real Forward 10 years Appreciation Return,1970,1,-0.083599548
01-06-1973 00:00:00,Real Forward 10 Years Dividend Annualized Return,1970,1,-0.047479836
01-06-1973 00:00:00,Real interest rate,1970,1,0.008536199
01-06-1973 00:00:00,Real S&P Comp return with dividend,1970,1,-0.042311803
01-06-1973 00:00:00,Real S&P Comp yield,1970,1,-0.027573745
01-06-1973 00:00:00,S&P Composite,1970,1,104.8
01-06-1974 00:00:00,1 Year,1970,1,0.021179918
01-06-1974 00:00:00,10 Years,1970,1,-0.007626853
01-06-1974 00:00:00,3 Years,1970,1,-0.067532202
01-06-1974 00:00:00,Inflation rate,1970,1,0.108597285
01-06-1974 00:00:00,P/E,1970,1,10.273455378
01-06-1974 00:00:00,Real Forward 10 Years Annualized Cap Gains Return,1970,1,-0.033575054
01-06-1974 00:00:00,Real Forward 10 years Appreciation Return,1970,1,0.08737347
01-06-1974 00:00:00,Real Forward 10 Years Dividend Annualized Return,1970,1,-0.04005343
01-06-1974 00:00:00,Real interest rate,1970,1,-0.029945306
01-06-1974 00:00:00,Real S&P Comp return with dividend,1970,1,-0.280645944
01-06-1974 00:00:00,Real S&P Comp yield,1970,1,-0.062797775
01-06-1974 00:00:00,S&P Composite,1970,1,89.79
01-06-1975 00:00:00,1 Year,1970,1,0.164333515
01-06-1975 00:00:00,10 Years,1970,1,0.045501482
01-06-1975 00:00:00,3 Years,1970,1,0.06587443
01-06-1975 00:00:00,Inflation rate,1970,1,0.093877551
01-06-1975 00:00:00,P/E,1970,1,11.608040201
01-06-1975 00:00:00,Real Forward 10 Years Annualized Cap Gains Return,1970,1,0.016261846
01-06-1975 00:00:00,Real Forward 10 years Appreciation Return,1970,1,0.327997987
01-06-1975 00:00:00,Real Forward 10 Years Dividend Annualized Return,1970,1,-0.014136944
01-06-1975 00:00:00,Real interest rate,1970,1,-0.013966418
01-06-1975 00:00:00,Real S&P Comp return with dividend,1970,1,0.021179918
01-06-1975 00:00:00,Real S&P Comp yield,1970,1,-0.049115219
01-06-1975 00:00:00,S&P Composite,1970,1,92.4
01-06-1976 00:00:00,1 Year,1970,1,-0.057675836
01-06-1976 00:00:00,10 Years,1970,1,0.037439493
01-06-1976 00:00:00,3 Years,1970,1,0.015955035
01-06-1976 00:00:00,Inflation rate,1970,1,0.059701493
01-06-1976 00:00:00,P/E,1970,1,11.005405405
01-06-1976 00:00:00,Real Forward 10 Years Annualized Cap Gains Return,1970,1,0.009226955
01-06-1976 00:00:00,Real Forward 10 years Appreciation Return,1970,1,0.563950806
01-06-1976 00:00:00,Real Forward 10 Years Dividend Annualized Return,1970,1,-0.015870804
01-06-1976 00:00:00,Real interest rate,1970,1,0.017833803
01-06-1976 00:00:00,Real S&P Comp return with dividend,1970,1,0.164333515
01-06-1976 00:00:00,Real S&P Comp yield,1970,1,-0.021483716
01-06-1976 00:00:00,S&P Composite,1970,1,101.8
01-06-1977 00:00:00,1 Year,1970,1,-0.04601665
01-06-1977 00:00:00,10 Years,1970,1,0.040778029
01-06-1977 00:00:00,3 Years,1970,1,-0.06043519
01-06-1977 00:00:00,Inflation rate,1970,1,0.068661972
01-06-1977 00:00:00,P/E,1970,1,9.528790787
01-06-1977 00:00:00,Real Forward 10 Years Annualized Cap Gains Return,1970,1,0.016743131
01-06-1977 00:00:00,Real Forward 10 years Appreciation Return,1970,1,0.978306551
01-06-1977 00:00:00,Real Forward 10 Years Dividend Annualized Return,1970,1,-0.018057321
01-06-1977 00:00:00,Real interest rate,1970,1,0.003872158
01-06-1977 00:00:00,Real S&P Comp return with dividend,1970,1,-0.057675836
01-06-1977 00:00:00,Real S&P Comp yield,1970,1,-0.023159988
01-06-1977 00:00:00,S&P Composite,1970,1,99.29
01-06-1978 00:00:00,1 Year,1970,1,0.014323258
01-06-1978 00:00:00,10 Years,1970,1,0.079029084
01-06-1978 00:00:00,3 Years,1970,1,0.000295124
01-06-1978 00:00:00,Inflation rate,1970,1,0.074135091
01-06-1978 00:00:00,P/E,1970,1,8.696349065
01-06-1978 00:00:00,Real Forward 10 Years Annualized Cap Gains Return,1970,1,0.05865441
01-06-1978 00:00:00,Real Forward 10 years Appreciation Return,1970,1,0.928057661
01-06-1978 00:00:00,Real Forward 10 Years Dividend Annualized Return,1970,1,-0.009903493
01-06-1978 00:00:00,Real interest rate,1970,1,0.009742638
01-06-1978 00:00:00,Real S&P Comp return with dividend,1970,1,-0.04601665
01-06-1978 00:00:00,Real S&P Comp yield,1970,1,-0.022211937
01-06-1978 00:00:00,S&P Composite,1970,1,97.66
01-06-1979 00:00:00,1 Year,1970,1,0.063118058
01-06-1979 00:00:00,10 Years,1970,1,0.061249883
01-06-1979 00:00:00,3 Years,1970,1,-0.051989139
01-06-1979 00:00:00,Inflation rate,1970,1,0.108895706
01-06-1979 00:00:00,P/E,1970,1,7.274678112
01-06-1979 00:00:00,Real Forward 10 Years Annualized Cap Gains Return,1970,1,0.036545588
01-06-1979 00:00:00,Real Forward 10 years Appreciation Return,1970,1,1.282438717
01-06-1979 00:00:00,Real Forward 10 Years Dividend Annualized Return,1970,1,-0.006659809
01-06-1979 00:00:00,Real interest rate,1970,1,-0.017851729
01-06-1979 00:00:00,Real S&P Comp return with dividend,1970,1,0.014323258
01-06-1979 00:00:00,Real S&P Comp yield,1970,1,-0.050850888
01-06-1979 00:00:00,S&P Composite,1970,1,101.7
01-06-1980 00:00:00,1 Year,1980,1,0.035286216
01-06-1980 00:00:00,10 Years,1980,1,0.088091891
01-06-1980 00:00:00,3 Years,1980,1,-0.033525819
01-06-1980 00:00:00,Inflation rate,1980,1,0.14384509
01-06-1980 00:00:00,P/E,1980,1,7.670682731
01-06-1980 00:00:00,Real Forward 10 Years Annualized Cap Gains Return,1980,1,0.066768977
01-06-1980 00:00:00,Real Forward 10 years Appreciation Return,1980,1,1.447215633
01-06-1980 00:00:00,Real Forward 10 Years Dividend Annualized Return,1980,1,0.001440181
01-06-1980 00:00:00,Real interest rate,1980,1,-0.040254655
01-06-1980 00:00:00,Real S&P Comp return with dividend,1980,1,0.063118058
01-06-1980 00:00:00,Real S&P Comp yield,1980,1,-0.080441513
01-06-1980 00:00:00,S&P Composite,1980,1,114.6
01-06-1981 00:00:00,1 Year,1980,1,-0.065315083
01-06-1981 00:00:00,10 Years,1980,1,0.07104535
01-06-1981 00:00:00,3 Years,1980,1,0.046557069
01-06-1981 00:00:00,Inflation rate,1980,1,0.095525998
01-06-1981 00:00:00,P/E,1980,1,8.814123917
01-06-1981 00:00:00,Real Forward 10 Years Annualized Cap Gains Return,1980,1,0.046693024
01-06-1981 00:00:00,Real Forward 10 years Appreciation Return,1980,1,1.337553531
01-06-1981 00:00:00,Real Forward 10 Years Dividend Annualized Return,1980,1,0.004040496
01-06-1981 00:00:00,Real interest rate,1980,1,0.035758168
01-06-1981 00:00:00,Real S&P Comp return with dividend,1980,1,0.035286216
01-06-1981 00:00:00,Real S&P Comp yield,1980,1,-0.043108678
01-06-1981 00:00:00,S&P Composite,1980,1,132.3
01-06-1982 00:00:00,1 Year,1980,1,0.362609496
01-06-1982 00:00:00,10 Years,1980,1,0.105448302
01-06-1982 00:00:00,3 Years,1980,1,0.090925252
01-06-1982 00:00:00,Inflation rate,1980,1,0.070640177
01-06-1982 00:00:00,P/E,1980,1,7.741707833
01-06-1982 00:00:00,Real Forward 10 Years Annualized Cap Gains Return,1980,1,0.083181516
01-06-1982 00:00:00,Real Forward 10 years Appreciation Return,1980,1,2.152372608
01-06-1982 00:00:00,Real Forward 10 Years Dividend Annualized Return,1980,1,0.016778662
01-06-1982 00:00:00,Real interest rate,1980,1,0.067585567
01-06-1982 00:00:00,Real S&P Comp return with dividend,1980,1,-0.065315083
01-06-1982 00:00:00,Real S&P Comp yield,1980,1,-0.00799688
01-06-1982 00:00:00,S&P Composite,1980,1,109.7
01-06-1983 00:00:00,1 Year,1980,1,0.004185474
01-06-1983 00:00:00,10 Years,1980,1,0.112149119
01-06-1983 00:00:00,3 Years,1980,1,0.122189696
01-06-1983 00:00:00,Inflation rate,1980,1,0.025773196
01-06-1983 00:00:00,P/E,1980,1,13.216838761
01-06-1983 00:00:00,Real Forward 10 Years Annualized Cap Gains Return,1980,1,0.090067476
01-06-1983 00:00:00,Real Forward 10 years Appreciation Return,1980,1,1.257356816
01-06-1983 00:00:00,Real Forward 10 Years Dividend Annualized Return,1980,1,0.019992117
01-06-1983 00:00:00,Real interest rate,1980,1,0.080648241
01-06-1983 00:00:00,Real S&P Comp return with dividend,1980,1,0.362609496
01-06-1983 00:00:00,Real S&P Comp yield,1980,1,0.015533195
01-06-1983 00:00:00,S&P Composite,1980,1,166.4
01-06-1984 00:00:00,1 Year,1980,1,0.171017095
01-06-1984 00:00:00,10 Years,1980,1,0.087555703
01-06-1984 00:00:00,3 Years,1980,1,0.10356561
01-06-1984 00:00:00,Inflation rate,1980,1,0.042211055
01-06-1984 00:00:00,P/E,1980,1,9.450617284
01-06-1984 00:00:00,Real Forward 10 Years Annualized Cap Gains Return,1980,1,0.066636766
01-06-1984 00:00:00,Real Forward 10 years Appreciation Return,1980,1,1.551006608
01-06-1984 00:00:00,Real Forward 10 Years Dividend Annualized Return,1980,1,0.009817325
01-06-1984 00:00:00,Real interest rate,1980,1,0.089606557
01-06-1984 00:00:00,Real S&P Comp return with dividend,1980,1,0.004185474
01-06-1984 00:00:00,Real S&P Comp yield,1980,1,0.005311319
01-06-1984 00:00:00,S&P Composite,1980,1,153.1
01-06-1985 00:00:00,1 Year,1980,1,0.283751763
01-06-1985 00:00:00,10 Years,1980,1,0.092204483
01-06-1985 00:00:00,3 Years,1980,1,0.215524434
01-06-1985 00:00:00,Inflation rate,1980,1,0.037608486
01-06-1985 00:00:00,P/E,1980,1,12.101217168
01-06-1985 00:00:00,Real Forward 10 Years Annualized Cap Gains Return,1980,1,0.070470923
01-06-1985 00:00:00,Real Forward 10 years Appreciation Return,1980,1,1.418493789
01-06-1985 00:00:00,Real Forward 10 Years Dividend Annualized Return,1980,1,0.013425722
01-06-1985 00:00:00,Real interest rate,1980,1,0.061672119
01-06-1985 00:00:00,Real S&P Comp return with dividend,1980,1,0.171017095
01-06-1985 00:00:00,Real S&P Comp yield,1980,1,0.003243588
01-06-1985 00:00:00,S&P Composite,1980,1,188.9
01-06-1986 00:00:00,1 Year,1980,1,0.20724644
01-06-1986 00:00:00,10 Years,1980,1,0.102075992
01-06-1986 00:00:00,3 Years,1980,1,0.107286379
01-06-1986 00:00:00,Inflation rate,1980,1,0.017657993
01-06-1986 00:00:00,P/E,1980,1,16.675730795
01-06-1986 00:00:00,Real Forward 10 Years Annualized Cap Gains Return,1980,1,0.083134007
01-06-1986 00:00:00,Real Forward 10 years Appreciation Return,1980,1,1.229248708
01-06-1986 00:00:00,Real Forward 10 Years Dividend Annualized Return,1980,1,0.012084397
01-06-1986 00:00:00,Real interest rate,1980,1,0.059294977
01-06-1986 00:00:00,Real S&P Comp return with dividend,1980,1,0.283751763
01-06-1986 00:00:00,Real S&P Comp yield,1980,1,0.015096229
01-06-1986 00:00:00,S&P Composite,1980,1,245.3
01-06-1987 00:00:00,1 Year,1980,1,-0.071835386
01-06-1987 00:00:00,10 Years,1980,1,0.087641748
01-06-1987 00:00:00,3 Years,1980,1,0.096602038
01-06-1987 00:00:00,Inflation rate,1980,1,0.03652968
01-06-1987 00:00:00,P/E,1980,1,20.901525659
01-06-1987 00:00:00,Real Forward 10 Years Annualized Cap Gains Return,1980,1,0.070576513
01-06-1987 00:00:00,Real Forward 10 years Appreciation Return,1980,1,1.341869715
01-06-1987 00:00:00,Real Forward 10 Years Dividend Annualized Return,1980,1,0.003660807
01-06-1987 00:00:00,Real interest rate,1980,1,0.045797357
01-06-1987 00:00:00,Real S&P Comp return with dividend,1980,1,0.20724644
01-06-1987 00:00:00,Real S&P Comp yield,1980,1,-0.00797044
01-06-1987 00:00:00,S&P Composite,1980,1,301.4
01-06-1988 00:00:00,1 Year,1980,1,0.193075483
01-06-1988 00:00:00,10 Years,1980,1,0.09017427
01-06-1988 00:00:00,3 Years,1980,1,-0.039834423
01-06-1988 00:00:00,Inflation rate,1980,1,0.039647577
01-06-1988 00:00:00,P/E,1980,1,12.491924319
01-06-1988 00:00:00,Real Forward 10 Years Annualized Cap Gains Return,1980,1,0.076886568
01-06-1988 00:00:00,Real Forward 10 years Appreciation Return,1980,1,2.304531301
01-06-1988 00:00:00,Real Forward 10 Years Dividend Annualized Return,1980,1,-0.001301365
01-06-1988 00:00:00,Real interest rate,1980,1,0.047662712
01-06-1988 00:00:00,Real S&P Comp return with dividend,1980,1,-0.071835386
01-06-1988 00:00:00,Real S&P Comp yield,1980,1,-0.005339108
01-06-1988 00:00:00,S&P Composite,1980,1,270.7
01-06-1989 00:00:00,1 Year,1980,1,0.023099444
01-06-1989 00:00:00,10 Years,1980,1,0.121266083
01-06-1989 00:00:00,3 Years,1980,1,0.090790871
01-06-1989 00:00:00,Inflation rate,1980,1,0.051694915
01-06-1989 00:00:00,P/E,1980,1,12.835051546
01-06-1989 00:00:00,Real Forward 10 Years Annualized Cap Gains Return,1980,1,0.108003497
01-06-1989 00:00:00,Real Forward 10 years Appreciation Return,1980,1,2.359349558
01-06-1989 00:00:00,Real Forward 10 Years Dividend Annualized Return,1980,1,0.008158799
01-06-1989 00:00:00,Real interest rate,1980,1,0.029576148
01-06-1989 00:00:00,Real S&P Comp return with dividend,1980,1,0.193075483
01-06-1989 00:00:00,Real S&P Comp yield,1980,1,-0.018898379
01-06-1989 00:00:00,S&P Composite,1980,1,323.7
01-06-1990 00:00:00,1 Year,1990,1,0.11684612
01-06-1990 00:00:00,10 Years,1990,1,0.120351965
01-06-1990 00:00:00,3 Years,1990,1,0.03110861
01-06-1990 00:00:00,Inflation rate,1990,1,0.046736503
01-06-1990 00:00:00,P/E,1990,1,16.951552211
01-06-1990 00:00:00,Real Forward 10 Years Annualized Cap Gains Return,1990,1,0.109462419
01-06-1990 00:00:00,Real Forward 10 years Appreciation Return,1990,1,2.347884193
01-06-1990 00:00:00,Real Forward 10 Years Dividend Annualized Return,1990,1,0.003389207
01-06-1990 00:00:00,Real interest rate,1990,1,0.036363972
01-06-1990 00:00:00,Real S&P Comp return with dividend,1990,1,0.023099444
01-06-1990 00:00:00,Real S&P Comp yield,1990,1,-0.013713973
01-06-1990 00:00:00,S&P Composite,1990,1,360.39
01-06-1991 00:00:00,1 Year,1990,1,0.10672718
01-06-1991 00:00:00,10 Years,1990,1,0.145679769
01-06-1991 00:00:00,3 Years,1990,1,0.109883049
01-06-1991 00:00:00,Inflation rate,1990,1,0.046959199
01-06-1991 00:00:00,P/E,1990,1,19.549870801
01-06-1991 00:00:00,Real Forward 10 Years Annualized Cap Gains Return,1990,1,0.135255591
01-06-1991 00:00:00,Real Forward 10 years Appreciation Return,1990,1,1.791653958
01-06-1991 00:00:00,Real Forward 10 Years Dividend Annualized Return,1990,1,0.009969511
01-06-1991 00:00:00,Real interest rate,1990,1,0.034233235
01-06-1991 00:00:00,Real S&P Comp return with dividend,1990,1,0.11684612
01-06-1991 00:00:00,Real S&P Comp yield,1990,1,-0.014175321
01-06-1991 00:00:00,S&P Composite,1990,1,378.29
01-06-1992 00:00:00,1 Year,1990,1,0.083797111
01-06-1992 00:00:00,10 Years,1990,1,0.089794792
01-06-1992 00:00:00,3 Years,1990,1,0.043769016
01-06-1992 00:00:00,Inflation rate,1990,1,0.030882353
01-06-1992 00:00:00,P/E,1990,1,23.945454545
01-06-1992 00:00:00,Real Forward 10 Years Annualized Cap Gains Return,1990,1,0.075779854
01-06-1992 00:00:00,Real Forward 10 years Appreciation Return,1990,1,1.216162812
01-06-1992 00:00:00,Real Forward 10 Years Dividend Annualized Return,1990,1,0.005498728
01-06-1992 00:00:00,Real interest rate,1990,1,0.040467903
01-06-1992 00:00:00,Real S&P Comp return with dividend,1990,1,0.10672718
01-06-1992 00:00:00,Real S&P Comp yield,1990,1,-0.000685087
01-06-1992 00:00:00,S&P Composite,1990,1,408.27
01-06-1993 00:00:00,1 Year,1990,1,0.021657419
01-06-1993 00:00:00,10 Years,1990,1,0.065991931
01-06-1993 00:00:00,3 Years,1990,1,0.09246531
01-06-1993 00:00:00,Inflation rate,1990,1,0.029957204
01-06-1993 00:00:00,P/E,1990,1,23.179513709
01-06-1993 00:00:00,Real Forward 10 Years Annualized Cap Gains Return,1990,1,0.049352383
01-06-1993 00:00:00,Real Forward 10 years Appreciation Return,1990,1,0.997514265
01-06-1993 00:00:00,Real Forward 10 Years Dividend Annualized Return,1990,1,0.005509535
01-06-1993 00:00:00,Real interest rate,1990,1,0.028780609
01-06-1993 00:00:00,Real S&P Comp return with dividend,1990,1,0.083797111
01-06-1993 00:00:00,Real S&P Comp yield,1990,1,-0.001955924
01-06-1993 00:00:00,S&P Composite,1990,1,448.06
01-06-1994 00:00:00,1 Year,1990,1,0.173165374
01-06-1994 00:00:00,10 Years,1990,1,0.071653998
01-06-1994 00:00:00,3 Years,1990,1,0.112802523
01-06-1994 00:00:00,Inflation rate,1990,1,0.024930748
01-06-1994 00:00:00,P/E,1990,1,18.048809524
01-06-1994 00:00:00,Real Forward 10 Years Annualized Cap Gains Return,1990,1,0.056902291
01-06-1994 00:00:00,Real Forward 10 years Appreciation Return,1990,1,1.209590265
01-06-1994 00:00:00,Real Forward 10 Years Dividend Annualized Return,1990,1,0.004127844
01-06-1994 00:00:00,Real interest rate,1990,1,0.044948649
01-06-1994 00:00:00,Real S&P Comp return with dividend,1990,1,0.021657419
01-06-1994 00:00:00,Real S&P Comp yield,1990,1,0.00321932
01-06-1994 00:00:00,S&P Composite,1990,1,454.83
01-06-1995 00:00:00,1 Year,1990,1,0.232347099
01-06-1995 00:00:00,10 Years,1990,1,0.079420685
01-06-1995 00:00:00,3 Years,1990,1,0.235898322
01-06-1995 00:00:00,Inflation rate,1990,1,0.030405405
01-06-1995 00:00:00,P/E,1990,1,15.66511763
01-06-1995 00:00:00,Real Forward 10 Years Annualized Cap Gains Return,1990,1,0.065333456
01-06-1995 00:00:00,Real Forward 10 years Appreciation Return,1990,1,0.983237989
01-06-1995 00:00:00,Real Forward 10 Years Dividend Annualized Return,1990,1,0.004994163
01-06-1995 00:00:00,Real interest rate,1990,1,0.030371148
01-06-1995 00:00:00,Real S&P Comp return with dividend,1990,1,0.173165374
01-06-1995 00:00:00,Real S&P Comp yield,1990,1,-0.00545058
01-06-1995 00:00:00,S&P Composite,1990,1,539.35
01-06-1996 00:00:00,1 Year,1990,1,0.292324456
01-06-1996 00:00:00,10 Years,1990,1,0.063484391
01-06-1996 00:00:00,3 Years,1990,1,0.187727766
01-06-1996 00:00:00,Inflation rate,1990,1,0.027540984
01-06-1996 00:00:00,P/E,1990,1,19.149240905
01-06-1996 00:00:00,Real Forward 10 Years Annualized Cap Gains Return,1990,1,0.05021895
01-06-1996 00:00:00,Real Forward 10 years Appreciation Return,1990,1,0.644641226
01-06-1996 00:00:00,Real Forward 10 Years Dividend Annualized Return,1990,1,-0.001113209
01-06-1996 00:00:00,Real interest rate,1990,1,0.040445118
01-06-1996 00:00:00,Real S&P Comp return with dividend,1990,1,0.232347099
01-06-1996 00:00:00,Real S&P Comp yield,1990,1,-0.006028651
01-06-1996 00:00:00,S&P Composite,1990,1,668.5
01-06-1997 00:00:00,1 Year,1990,1,0.247691711
01-06-1997 00:00:00,10 Years,1990,1,0.055585481
01-06-1997 00:00:00,3 Years,1990,1,0.229263185
01-06-1997 00:00:00,Inflation rate,1990,1,0.022973835
01-06-1997 00:00:00,P/E,1990,1,21.610110974
01-06-1997 00:00:00,Real Forward 10 Years Annualized Cap Gains Return,1990,1,0.042660239
01-06-1997 00:00:00,Real Forward 10 years Appreciation Return,1990,1,0.487892978
01-06-1997 00:00:00,Real Forward 10 Years Dividend Annualized Return,1990,1,-0.002342123
01-06-1997 00:00:00,Real interest rate,1990,1,0.040984591
01-06-1997 00:00:00,Real S&P Comp return with dividend,1990,1,0.292324456
01-06-1997 00:00:00,Real S&P Comp yield,1990,1,-0.005546209
01-06-1997 00:00:00,S&P Composite,1990,1,876.29
01-06-1998 00:00:00,1 Year,1990,1,0.213068158
01-06-1998 00:00:00,10 Years,1990,1,0.033226308
01-06-1998 00:00:00,3 Years,1990,1,0.137033014
01-06-1998 00:00:00,Inflation rate,1990,1,0.016843419
01-06-1998 00:00:00,P/E,1990,1,28.442134976
01-06-1998 00:00:00,Real Forward 10 Years Annualized Cap Gains Return,1990,1,0.02135979
01-06-1998 00:00:00,Real Forward 10 years Appreciation Return,1990,1,0.030871541
01-06-1998 00:00:00,Real Forward 10 Years Dividend Annualized Return,1990,1,-0.007825254
01-06-1998 00:00:00,Real interest rate,1990,1,0.03752454
01-06-1998 00:00:00,Real S&P Comp return with dividend,1990,1,0.247691711
01-06-1998 00:00:00,Real S&P Comp yield,1990,1,-0.002412541
01-06-1998 00:00:00,S&P Composite,1990,1,1108.39
01-06-1999 00:00:00,1 Year,1990,1,0.054971336
01-06-1999 00:00:00,10 Years,1990,1,
01-06-1999 00:00:00,3 Years,1990,1,-0.015654925
01-06-1999 00:00:00,Inflation rate,1990,1,0.019631902
01-06-1999 00:00:00,P/E,1990,1,32.241589469
01-06-1999 00:00:00,Real Forward 10 Years Annualized Cap Gains Return,1990,1,-0.011408237
01-06-1999 00:00:00,Real Forward 10 years Appreciation Return,1990,1,
01-06-1999 00:00:00,Real Forward 10 Years Dividend Annualized Return,1990,1,-0.011451018
01-06-1999 00:00:00,Real interest rate,1990,1,0.038610108
01-06-1999 00:00:00,Real S&P Comp return with dividend,1990,1,0.213068158
01-06-1999 00:00:00,Real S&P Comp yield,1990,1,-0.007233273
01-06-1999 00:00:00,S&P Composite,1990,1,1322.55
01-06-2000 00:00:00,1 Year,2000,1,-0.176040347
01-06-2000 00:00:00,10 Years,2000,1,
01-06-2000 00:00:00,3 Years,2000,1,-0.146360167
01-06-2000 00:00:00,Inflation rate,2000,1,0.037304452
01-06-2000 00:00:00,P/E,2000,1,28.157935285
01-06-2000 00:00:00,Real Forward 10 Years Annualized Cap Gains Return,2000,1,
01-06-2000 00:00:00,Real Forward 10 years Appreciation Return,2000,1,
01-06-2000 00:00:00,Real Forward 10 Years Dividend Annualized Return,2000,1,
01-06-2000 00:00:00,Real interest rate,2000,1,0.022843387
01-06-2000 00:00:00,Real S&P Comp return with dividend,2000,1,0.054971336
01-06-2000 00:00:00,Real S&P Comp yield,2000,1,-0.024950661
01-06-2000 00:00:00,S&P Composite,2000,1,1461.96
01-06-2001 00:00:00,1 Year,2000,1,-0.165469696
01-06-2001 00:00:00,10 Years,2000,1,
01-06-2001 00:00:00,3 Years,2000,1,-0.128672484
01-06-2001 00:00:00,Inflation rate,2000,1,0.032482599
01-06-2001 00:00:00,P/E,2000,1,33.669747214
01-06-2001 00:00:00,Real Forward 10 Years Annualized Cap Gains Return,2000,1,
01-06-2001 00:00:00,Real Forward 10 years Appreciation Return,2000,1,
01-06-2001 00:00:00,Real Forward 10 Years Dividend Annualized Return,2000,1,
01-06-2001 00:00:00,Real interest rate,2000,1,0.019678202
01-06-2001 00:00:00,Real S&P Comp return with dividend,2000,1,-0.176040347
01-06-2001 00:00:00,Real S&P Comp yield,2000,1,-0.019192765
01-06-2001 00:00:00,S&P Composite,2000,1,1238.71
01-06-2002 00:00:00,1 Year,2000,1,-0.017862814
01-06-2002 00:00:00,10 Years,2000,1,
01-06-2002 00:00:00,3 Years,2000,1,0.006467886
01-06-2002 00:00:00,Inflation rate,2000,1,0.010674157
01-06-2002 00:00:00,P/E,2000,1,37.921465969
01-06-2002 00:00:00,Real Forward 10 Years Annualized Cap Gains Return,2000,1,
01-06-2002 00:00:00,Real Forward 10 years Appreciation Return,2000,1,
01-06-2002 00:00:00,Real Forward 10 Years Dividend Annualized Return,2000,1,
01-06-2002 00:00:00,Real interest rate,2000,1,0.038217899
01-06-2002 00:00:00,Real S&P Comp return with dividend,2000,1,-0.165469696
01-06-2002 00:00:00,Real S&P Comp yield,2000,1,0.005079985
01-06-2002 00:00:00,S&P Composite,2000,1,1014.02
01-06-2003 00:00:00,1 Year,2000,1,0.167970226
01-06-2003 00:00:00,10 Years,2000,1,
01-06-2003 00:00:00,3 Years,2000,1,0.092846228
01-06-2003 00:00:00,Inflation rate,2000,1,0.021122846
01-06-2003 00:00:00,P/E,2000,1,28.596237337
01-06-2003 00:00:00,Real Forward 10 Years Annualized Cap Gains Return,2000,1,
01-06-2003 00:00:00,Real Forward 10 years Appreciation Return,2000,1,
01-06-2003 00:00:00,Real Forward 10 Years Dividend Annualized Return,2000,1,
01-06-2003 00:00:00,Real interest rate,2000,1,0.011925259
01-06-2003 00:00:00,Real S&P Comp return with dividend,2000,1,-0.017862814
01-06-2003 00:00:00,Real S&P Comp yield,2000,1,-0.004658058
01-06-2003 00:00:00,S&P Composite,2000,1,988
01-06-2004 00:00:00,1 Year,2000,1,0.049955709
01-06-2004 00:00:00,10 Years,2000,1,
01-06-2004 00:00:00,3 Years,2000,1,0.062085523
01-06-2004 00:00:00,Inflation rate,2000,1,0.032661949
01-06-2004 00:00:00,P/E,2000,1,20.173820125
01-06-2004 00:00:00,Real Forward 10 Years Annualized Cap Gains Return,2000,1,
01-06-2004 00:00:00,Real Forward 10 years Appreciation Return,2000,1,
01-06-2004 00:00:00,Real Forward 10 Years Dividend Annualized Return,2000,1,
01-06-2004 00:00:00,Real interest rate,2000,1,0.014175066
01-06-2004 00:00:00,Real S&P Comp return with dividend,2000,1,0.167970226
01-06-2004 00:00:00,Real S&P Comp yield,2000,1,-0.015728165
01-06-2004 00:00:00,S&P Composite,2000,1,1132.76
01-06-2005 00:00:00,1 Year,2000,1,0.070038965
01-06-2005 00:00:00,10 Years,2000,1,
01-06-2005 00:00:00,3 Years,2000,1,0.073962634
01-06-2005 00:00:00,Inflation rate,2000,1,0.02530311
01-06-2005 00:00:00,P/E,2000,1,18.974905303
01-06-2005 00:00:00,Real Forward 10 Years Annualized Cap Gains Return,2000,1,
01-06-2005 00:00:00,Real Forward 10 years Appreciation Return,2000,1,
01-06-2005 00:00:00,Real Forward 10 Years Dividend Annualized Return,2000,1,
01-06-2005 00:00:00,Real interest rate,2000,1,0.01433419
01-06-2005 00:00:00,Real S&P Comp return with dividend,2000,1,0.049955709
01-06-2005 00:00:00,Real S&P Comp yield,2000,1,-0.00769927
01-06-2005 00:00:00,S&P Composite,2000,1,1202.25
01-06-2006 00:00:00,1 Year,2000,1,0.11557308
01-06-2006 00:00:00,10 Years,2000,1,
01-06-2006 00:00:00,3 Years,2000,1,-0.027091913
01-06-2006 00:00:00,Inflation rate,2000,1,0.043187661
01-06-2006 00:00:00,P/E,2000,1,16.823331991
01-06-2006 00:00:00,Real Forward 10 Years Annualized Cap Gains Return,2000,1,
01-06-2006 00:00:00,Real Forward 10 years Appreciation Return,2000,1,
01-06-2006 00:00:00,Real Forward 10 Years Dividend Annualized Return,2000,1,
01-06-2006 00:00:00,Real interest rate,2000,1,0.007584771
01-06-2006 00:00:00,Real S&P Comp return with dividend,2000,1,0.070038965
01-06-2006 00:00:00,Real S&P Comp yield,2000,1,-0.023469503
01-06-2006 00:00:00,S&P Composite,2000,1,1253.17
01-06-2007 00:00:00,1 Year,2000,1,-0.185639163
01-06-2007 00:00:00,10 Years,2000,1,
01-06-2007 00:00:00,3 Years,2000,1,
01-06-2007 00:00:00,Inflation rate,2000,1,0.026870379
01-06-2007 00:00:00,P/E,2000,1,17.830781912
01-06-2007 00:00:00,Real Forward 10 Years Annualized Cap Gains Return,2000,1,
01-06-2007 00:00:00,Real Forward 10 years Appreciation Return,2000,1,
01-06-2007 00:00:00,Real Forward 10 Years Dividend Annualized Return,2000,1,
01-06-2007 00:00:00,Real interest rate,2000,1,0.023498215
01-06-2007 00:00:00,Real S&P Comp return with dividend,2000,1,0.11557308
01-06-2007 00:00:00,Real S&P Comp yield,2000,1,-0.009336341
01-06-2007 00:00:00,S&P Composite,2000,1,1514.19
01-06-2008 00:00:00,1 Year,2000,1,
01-06-2008 00:00:00,10 Years,2000,1,
01-06-2008 00:00:00,3 Years,2000,1,
01-06-2008 00:00:00,Inflation rate,2000,1,0.0502179
01-06-2008 00:00:00,P/E,2000,1,26.109597041
01-06-2008 00:00:00,Real Forward 10 Years Annualized Cap Gains Return,2000,1,
01-06-2008 00:00:00,Real Forward 10 years Appreciation Return,2000,1,
01-06-2008 00:00:00,Real Forward 10 Years Dividend Annualized Return,2000,1,
01-06-2008 00:00:00,Real interest rate,2000,1,-0.008777131
01-06-2008 00:00:00,Real S&P Comp return with dividend,2000,1,-0.185639163
01-06-2008 00:00:00,Real S&P Comp yield,2000,1,-0.027434778
01-06-2008 00:00:00,S&P Composite,2000,1,1341.25
